timestamp,scenario_id,call_id,model,endpoint,prompt_hash,prompt_tokens,completion_tokens,total_tokens,latency_ms,status,notes
2025-12-17T20:24:08.266960Z,session-mjagm464-j6v1,3711bf84-fec8-46af-b1d8-40cb61686975,gemma3:4b,http://localhost:11434/api/chat,298d31411f484d613fe4c846c44d9b97017c3dccfac37392003cd2cd57d58235,292,57,349,4720,success,prompt_optimizer.optimize
2025-12-17T20:24:14.616777Z,session-mjagm464-j6v1,cdfe89e2-5a75-4aa8-873e-0421c7483a36,qwen2.5,http://localhost:11434/api/chat,34ab68725684cff9639534bb4af264ae297f0eeaabfef89bfd3b9774b83679fb,522,129,651,6348,success,planner.plan
2025-12-17T20:24:36.261714Z,session-mjagm464-j6v1,87f37465-3551-4abc-afda-aec95f533ed3,codellama:13b,http://localhost:11434/api/chat,4a7d3cf4f53b5bb9b4a675fb2095ed8485aeb9030af66c31458b8ed6d5c6e247,764,115,879,21643,success,executor.execute task=1
2025-12-17T20:24:40.991578Z,session-mjagm464-j6v1,bbb4c811-d650-4bb0-a897-9bb3b8d536e5,qwen2.5,http://localhost:11434/api/chat,c2d22bb64c83bf4ed88ff9392b35d27f361423367894be065cf3aa832794f047,429,29,458,4728,success,reviewer.review task=1
2025-12-17T20:24:45.015308Z,session-mjagm464-j6v1,fccb8115-85d7-47d0-98a0-140815dc6be4,qwen2.5,http://localhost:11434/api/chat,48457be1c9657ad10b3fcf8d9eeffa9204a2c6520e2cdbabfffec88fa1157d70,692,97,789,4022,success,critic.evaluate_final
2025-12-17T20:25:03.966582Z,session-mjagm464-j6v1,2dd1ef79-9ce9-49fb-8c6b-6471afce8c05,codellama:13b,http://localhost:11434/api/chat,a8f809e42d313e46634e7a6e828c56cd23cc2bde8909817bb62300b6746ffbd9,849,131,980,18950,success,self_correction task=1
2025-12-17T20:25:08.820819Z,session-mjagm464-j6v1,93a14b68-2d88-43c9-862a-abda86cec011,qwen2.5,http://localhost:11434/api/chat,5278ff4460f5781f8d40483cc43d7ae79258b82a2ff4acae6c2b0a15492b4b93,455,33,488,4853,success,reviewer.review task=1
2025-12-17T20:25:12.925425Z,session-mjagm464-j6v1,f5a7c834-b3a6-47fb-925a-201b219391da,qwen2.5,http://localhost:11434/api/chat,4fe432de5992b07f6c0bfc6cf677677b0cf74367e1804ed00206b093cddd595f,714,101,815,4103,success,critic.evaluate_final
2025-12-17T20:25:21.485681Z,session-mjagm464-j6v1,9a1dcde6-7b04-467f-9f5c-83cbc166aa9c,gemma3:4b,http://localhost:11434/api/chat,3c8cf89ea99947e1e9ef060fd83ba0e0901f2bdc6c07ffd4d86974c63c7a875c,986,266,1252,8558,success,responder.build_markdown_response
2025-12-17T20:26:24.428621Z,session-mjagp3ek-guvk,2d5b5e52-2ed9-4bea-9a82-d75aa665eeba,gemma3:4b,http://localhost:11434/api/chat,bc5803da067085d2d0cda06345f72a7f454ce7b8a8fec92951f88bfc79c776db,295,103,398,3499,success,prompt_optimizer.optimize
2025-12-17T20:26:30.611692Z,session-mjagp3ek-guvk,803025a2-fb1e-4339-8617-46fb4087efc3,qwen2.5,http://localhost:11434/api/chat,0c42201652892fabc162ed99600bd038a7b5a16aa7d25d52b7e2c28ee0d046c5,584,116,700,6181,success,planner.plan
2025-12-17T20:26:46.161723Z,session-mjagp3ek-guvk,df1b1b24-5cef-4eb5-baa2-7d974e90020b,codellama:13b,http://localhost:11434/api/chat,315de1b5d1a5c3bdcd2e5d46860538e522d2fd7ea9ab4a8818a3792dcd07f6fd,753,99,852,15548,success,executor.execute task=1
2025-12-17T20:26:51.017609Z,session-mjagp3ek-guvk,c4feee2d-6909-4ee7-b725-4d22d9a7e4df,qwen2.5,http://localhost:11434/api/chat,04bc5d01ec3429027b1a9de5fa0c760fbabb32bc0e36c6f358f5f3a7e57d1bb4,418,33,451,4855,success,reviewer.review task=1
2025-12-17T20:26:54.639919Z,session-mjagp3ek-guvk,cf0a187f-278e-4cd5-a7ba-767c5f7261ea,qwen2.5,http://localhost:11434/api/chat,a6eeee55a2b2249786ea67e7c5645806f33cb85500900365309aed2f386b5acd,747,71,818,3620,success,critic.evaluate_final
2025-12-17T20:27:17.721102Z,session-mjagp3ek-guvk,6792a13e-34b9-4c31-acb1-4dbcfb253d74,codellama:13b,http://localhost:11434/api/chat,470a7ea08f40a9469e33d6b0067c60c37c4b5e97bbd863bc69911464ac907461,805,166,971,23080,success,self_correction task=1
2025-12-17T20:27:22.596540Z,session-mjagp3ek-guvk,72433d92-d9bc-4185-8461-c139f1f36506,qwen2.5,http://localhost:11434/api/chat,f233abc26f1db93a6e66c5cb7f19f38a785fc4dc15ceb8f78ea84bfdd510427a,507,33,540,4874,success,reviewer.review task=1
2025-12-17T20:27:26.208165Z,session-mjagp3ek-guvk,719bed49-fde9-4099-b3d5-e9e1e39023f8,qwen2.5,http://localhost:11434/api/chat,31d49d5efeb6288a86b4e1e0fa8746b7b4ac570ac5dfd5bcd362cfc669119637,795,69,864,3610,success,critic.evaluate_final
2025-12-17T20:27:34.616202Z,session-mjagp3ek-guvk,8ff3620f-f615-4e4a-9f46-9f9ec3e14f00,gemma3:4b,http://localhost:11434/api/chat,9045cc70208c15ce54155756b7ac8ad852f1e65c89836242cab69ded83e42483,989,261,1250,8407,success,responder.build_markdown_response
2025-12-17T20:38:34.253337Z,session-mjah4oge-maiu,9d16450f-1a40-419c-8431-32b8b888b3c2,gemma3:4b,http://localhost:11434/api/chat,85b442d1ae91b8f7fc1818ffe8097e1a9fbf0d70c265d5acc9377fa6acbfbe34,351,169,520,6084,success,prompt_optimizer.optimize
2025-12-17T20:38:42.488306Z,session-mjah4oge-maiu,eaf323b4-857d-4a3d-97d0-baf80d71f58a,qwen2.5,http://localhost:11434/api/chat,e0ca6744bd60a8e98a572251e9353d77263e88bcc135e507bb68b4105dc77a00,691,212,903,8233,success,planner.plan
2025-12-17T20:39:02.975122Z,session-mjah4oge-maiu,27167b4a-bdf1-4809-9a99-0b009ff0f0e2,codellama:13b,http://localhost:11434/api/chat,ae584ffc1e9e070579dc12a97252149183a40457ed910f9e5155a1781083fd7d,774,132,906,20485,success,executor.execute task=1
2025-12-17T20:39:08.244131Z,session-mjah4oge-maiu,73fbb227-d348-419d-9ecc-e78ea6bb2496,qwen2.5,http://localhost:11434/api/chat,86abddd4e783d9f099184bec3714d172a4d8ee184dad794ebf2125395d5ebb72,473,47,520,5268,success,reviewer.review task=1
2025-12-17T20:39:38.143883Z,session-mjah4oge-maiu,4d2216bc-2f54-488c-ae5d-4c4d77a34e61,codellama:13b,http://localhost:11434/api/chat,b5f9a60102b2d130fa71f4092cf19dcd2c6380f073a8ea60432bf7b6151489ee,817,211,1028,29898,success,executor.execute task=2
2025-12-17T20:39:43.038562Z,session-mjah4oge-maiu,90060b66-b209-4722-bdf9-3882bdacf6ae,qwen2.5,http://localhost:11434/api/chat,b8359098d869e3be236a69639675e5b83e685f960c4acfe55adb01c8085f86ee,630,32,662,4893,success,reviewer.review task=2
2025-12-17T20:39:50.597504Z,session-mjah4oge-maiu,9268867d-48f1-4e70-8e98-b9f82500d8de,qwen2.5,http://localhost:11434/api/chat,e8e620ce577b220930e807220f76e98a92ba35f67e009d6835cb856555f4fd26,1265,246,1511,7557,success,critic.evaluate_final
2025-12-17T20:40:11.898852Z,session-mjah4oge-maiu,e465419b-ccea-4e1f-bbe8-17979645828b,codellama:13b,http://localhost:11434/api/chat,c89755feaf94fdc380afeb702c04dbf6de94e015cbd9b4d5f751229ab619fb44,1000,132,1132,21299,success,self_correction task=1
2025-12-17T20:40:17.148442Z,session-mjah4oge-maiu,bfc5811e-a892-49db-b6c1-12610ae5eb4e,qwen2.5,http://localhost:11434/api/chat,86abddd4e783d9f099184bec3714d172a4d8ee184dad794ebf2125395d5ebb72,473,35,508,5249,success,reviewer.review task=1
2025-12-17T20:40:46.182118Z,session-mjah4oge-maiu,0c1c83b1-5720-43a5-b949-5f8190ffe142,codellama:13b,http://localhost:11434/api/chat,7df5304ed9ecaf5e8f613ce556c0e7d69ce28c488479b85d3c63505516ec2a91,1121,196,1317,29033,success,self_correction task=2
2025-12-17T20:40:51.211090Z,session-mjah4oge-maiu,fd342318-efaa-4baf-ab1f-57cbc3cab442,qwen2.5,http://localhost:11434/api/chat,375a7592f7685d2efbcba70018ee22901f93db8c04cbf82fdf8acf90cf9cc17c,614,34,648,5028,success,reviewer.review task=2
2025-12-17T20:40:57.655305Z,session-mjah4oge-maiu,7ee95d41-4963-4ca2-b7d0-ba5962e71ccb,qwen2.5,http://localhost:11434/api/chat,62479828d04283f404f2eb9fb9e67387486ec4d602bcff73354fe0b83a23831c,1229,191,1420,6442,success,critic.evaluate_final
2025-12-17T20:41:07.364675Z,session-mjah4oge-maiu,ab9c9023-20c5-42d3-850c-ab82b8469888,gemma3:4b,http://localhost:11434/api/chat,53d96f2251f21e6f0d47847b21d0a85cdbcd69a2bc5a1f7ba63f65d7a7d499d3,1647,323,1970,9708,success,responder.build_markdown_response
2025-12-17T20:45:09.032171Z,session-mjah4oge-maiu,1e6cabd2-1aeb-4b05-9ee0-f220258c0d7c,gemma3:4b,http://localhost:11434/api/chat,005174e763081e51d60b74c69d9e90d384cb6087f9e5ba449784d3e080d8fa0a,1625,524,2149,8957,success,prompt_optimizer.optimize
2025-12-17T20:45:27.463855Z,session-mjah4oge-maiu,7d9883b8-f63e-4464-baa8-2ef9d88d7c12,qwen2.5,http://localhost:11434/api/chat,6e939847ca9ceac33d2ba9f76125acd2804f2e824dd9894f3520643d34072438,1153,762,1915,18427,success,planner.plan
2025-12-17T20:45:54.968932Z,session-mjah4oge-maiu,d2928312-5041-4605-a23d-acb21552a66a,codellama:13b,http://localhost:11434/api/chat,00ae017fe146df0c5c7550bab3872a577918d3a2423c03125a6c60428acf210e,956,187,1143,27503,success,executor.execute task=1
2025-12-17T20:46:00.044014Z,session-mjah4oge-maiu,3f0b8f82-b291-4a69-8342-9dcd18166a31,qwen2.5,http://localhost:11434/api/chat,688c432902c9066199c75a7bb5f9147f5aa084327a3f1a2f0e8f1a931b221cf1,686,33,719,5074,success,reviewer.review task=1
2025-12-17T20:46:25.201017Z,session-mjah4oge-maiu,404a9cb6-d407-4a97-be51-ff21b1afb4a7,codellama:13b,http://localhost:11434/api/chat,3920b6d7b9071ac9c32bc646bfd2b849a1f7586b2b96ffec85c0262ec5ff029e,964,171,1135,25155,success,executor.execute task=3
2025-12-17T20:47:02.111409Z,session-mjah4oge-maiu,c2e51afb-87ea-4f04-ae05-c77464787262,codellama:13b,http://localhost:11434/api/chat,d9f90a603ad4209e0dbbe933f1a97802695e66921b0241291b7a62f914d281a8,815,0,815,62065,error:ReadTimeout,"executor.execute task=2 | HTTPConnectionPool(host='localhost', port=11434): Read timed out. (read timeout=60)"
2025-12-17T20:47:07.635828Z,session-mjah4oge-maiu,9524ccc5-84a5-47a2-b74f-ce66c2efa20f,qwen2.5,http://localhost:11434/api/chat,965f2c652deeb8355bdb129170e08aed8ec1985ceb3375b1af2abe996db89362,688,173,861,42433,success,reviewer.review task=3
2025-12-17T20:47:33.442610Z,session-mjah4oge-maiu,f9a5a5eb-8e03-48cc-b5e7-74b978e0b586,codellama:13b,http://localhost:11434/api/chat,0cee2a5f81f9afb96d7f0793b1624ef5e034c988d62b8eca8f47e4adf87ed866,970,198,1168,31329,success,executor.execute task=4
2025-12-17T20:48:09.686554Z,session-mjah4oge-maiu,f07c3c7f-2805-4813-a9ce-87d60b37a28f,codellama:13b,http://localhost:11434/api/chat,f7011c303b3fc005acc7f7f06d9e453e5ce75f6a3c248b939cdb776676c556d5,770,0,770,62049,error:ReadTimeout,"executor.execute task=5 | HTTPConnectionPool(host='localhost', port=11434): Read timed out. (read timeout=60)"
2025-12-17T20:48:14.482004Z,session-mjah4oge-maiu,f93a713d-c729-49d2-9afd-f5a2e183fdbc,qwen2.5,http://localhost:11434/api/chat,cabe6aa2b4190c7c7db0c81b0a71507153a4aba3d4a6354817a825b46c6a86d0,701,137,838,41038,success,reviewer.review task=4
2025-12-17T20:48:39.275549Z,session-mjah4oge-maiu,14bac3cf-4429-41c1-9324-f4a89a64a133,codellama:13b,http://localhost:11434/api/chat,3ab180395bfc267dbb171e8a9ccc95655c649ad782e53d53375390ce035e5f49,968,188,1156,29587,success,executor.execute task=6
2025-12-17T20:48:46.727240Z,session-mjah4oge-maiu,e2a4131b-4e9d-44e2-9ceb-c914a0e8c08d,qwen2.5,http://localhost:11434/api/chat,27d61fef646772e96619180376ded46cdfb89767ec490cdf1c0e542018db6108,705,156,861,7451,success,reviewer.review task=6
2025-12-17T20:48:56.562392Z,session-mjah4oge-maiu,7dd44fa9-e462-4e79-ba6a-09f7b0d6403c,qwen2.5,http://localhost:11434/api/chat,9125ea1b5584203598ecca0cfddbceaacd92fd2435e942bc572f64568bae0bdc,3598,309,3907,9832,success,critic.evaluate_final
2025-12-17T20:49:58.610929Z,session-mjah4oge-maiu,cc6ba686-361e-49e9-84d0-a3f626030a0c,codellama:13b,http://localhost:11434/api/chat,2f7a5e77317c1e298907bfeb67792ab4baf9895f367a0fa1a963345615c65d68,947,0,947,62046,error:ReadTimeout,"self_correction task=1 | HTTPConnectionPool(host='localhost', port=11434): Read timed out. (read timeout=60)"
2025-12-17T20:50:34.687127Z,session-mjah4oge-maiu,a1b5c0e4-0126-45f6-89ce-3b96a3b5e3f7,codellama:13b,http://localhost:11434/api/chat,c81fbb82a8d1d1058ce0c1268bf0688c61708c8ce597da292f9df939c0125724,1073,283,1356,36075,success,self_correction task=2
2025-12-17T20:50:43.700550Z,session-mjah4oge-maiu,49b53f67-0d81-430d-a498-790ee9d44bb0,qwen2.5,http://localhost:11434/api/chat,44741652980381a3601fdfc0a419e58637a29172c3497797114ab8c3933b9c9d,935,259,1194,9012,success,reviewer.review task=2
2025-12-17T20:51:45.744710Z,session-mjah4oge-maiu,a4b8ae00-4d6d-4755-a97b-81b2656571f7,codellama:13b,http://localhost:11434/api/chat,46de2e7f2b0a1c05d33367d32145bd5c2d5bbc7047c7159ab0384e0a55a78b78,931,0,931,62042,error:ReadTimeout,"self_correction task=3 | HTTPConnectionPool(host='localhost', port=11434): Read timed out. (read timeout=60)"
2025-12-17T20:52:21.524561Z,session-mjah4oge-maiu,ea8cfa9a-32ff-4186-be39-a3c1643eacf9,codellama:13b,http://localhost:11434/api/chat,3e9c329bddd4ab86a0ade0b234cb5adbdb433bc4140ec69500b9fccbc57bde78,1159,274,1433,35778,success,self_correction task=4
2025-12-17T20:52:30.475961Z,session-mjah4oge-maiu,fe405b2c-c320-4c66-908a-8d722f86bcf6,qwen2.5,http://localhost:11434/api/chat,802faa8c2f56f6513a43eadb7d6501e48edda9e0904f4e59168d01c6ebc6079b,791,217,1008,8949,success,reviewer.review task=4
2025-12-17T20:53:32.536040Z,session-mjah4oge-maiu,403d84c2-01e4-40f2-9604-293aace18836,codellama:13b,http://localhost:11434/api/chat,f75b765a422003b7b6efb8f6445957eaab0b3fe351d64432810dffb823dece68,850,0,850,62058,error:ReadTimeout,"self_correction task=5 | HTTPConnectionPool(host='localhost', port=11434): Read timed out. (read timeout=60)"
2025-12-17T20:53:58.144645Z,session-mjah4oge-maiu,f86f7201-6c14-48c4-85fb-2dcfc71c19d0,codellama:13b,http://localhost:11434/api/chat,f9ddf8533b4b69f35e216c2797352ff38731fc3ef4fbb1b6880de56c4fc0b153,1147,188,1335,25606,success,self_correction task=6
2025-12-17T20:54:03.914962Z,session-mjah4oge-maiu,e6974fd7-58c9-44ce-9c88-ded88ed102ea,qwen2.5,http://localhost:11434/api/chat,27d61fef646772e96619180376ded46cdfb89767ec490cdf1c0e542018db6108,705,80,785,5769,success,reviewer.review task=6
2025-12-17T20:54:18.223273Z,session-mjah4oge-maiu,6d5ef961-fa95-448a-8437-0ba81fa9ff57,qwen2.5,http://localhost:11434/api/chat,fb7a8a4cd427edba6173bd24d76ce5a01e746378cb4a8031e39e90b922807724,4096,530,4626,14305,success,critic.evaluate_final
2025-12-17T20:54:37.198541Z,session-mjah4oge-maiu,558801b6-652c-43dc-972f-7df3605159f1,gemma3:4b,http://localhost:11434/api/chat,ee68c05d8a187aff61c2af839dfa5be8a18846e44971d390d48af9d83df49651,4096,923,5019,18972,success,responder.build_markdown_response
2025-12-17T21:07:02.691805Z,session-mjai57e6-0q9m,99768770-48dc-4288-bd8a-3ec209c413b7,gemma3:4b,http://localhost:11434/api/chat,6fbeec9fdfa27e721030a3b676f31f1571bc40d8ce97d70ba39f8027821e9cfa,1621,623,2244,10377,success,prompt_optimizer.optimize
2025-12-17T21:07:26.991060Z,session-mjai57e6-0q9m,5d2d9298-04eb-4955-b0df-3f61f77df95a,qwen2.5,http://localhost:11434/api/chat,570a4fdc4c5c1a9251227c13269e7bc0341b178bf115c447a46ab2ad0a72926b,1145,1022,2167,24297,success,planner.plan
2025-12-17T21:07:57.978170Z,session-mjai57e6-0q9m,37bc121e-c590-4538-be42-5b4a5f0fc115,codellama:13b,http://localhost:11434/api/chat,b371dbbdfb55bffa2e3be4c1fcd991d4e66d07ba9a12040bbde409346c6da4c8,793,228,1021,30985,success,executor.execute task=1
2025-12-17T21:08:02.868607Z,session-mjai57e6-0q9m,cd6e3e64-c9f0-4dc8-b1f7-cbebc3edc84c,qwen2.5,http://localhost:11434/api/chat,4913bdebadee0f0b554afd0d1934afad954bebce907fa5b0ce7e968626b6fdd9,612,33,645,4889,success,reviewer.review task=1
2025-12-17T21:08:21.622602Z,session-mjai57e6-0q9m,9eb46f3c-68cc-45cb-ac0e-314b18e1f556,codellama:13b,http://localhost:11434/api/chat,fd9bfb4aec0bc513f19dfcf7a73aa7a1fa9285b5c1318b5d0e634bb464004a23,830,125,955,18752,success,executor.execute task=2
2025-12-17T21:08:27.962295Z,session-mjai57e6-0q9m,8b7c34a1-2a4e-45f8-9d91-7ee6d310e0bb,qwen2.5,http://localhost:11434/api/chat,02a22ff27f388e251bb5f50334c094f834ffeeb4bcc97c23a5a463316f4c994e,502,111,613,6339,success,reviewer.review task=2
2025-12-17T21:08:53.867237Z,session-mjai57e6-0q9m,8bc660ed-290d-4f08-af1c-c425f14006ee,codellama:13b,http://localhost:11434/api/chat,3374214d651dfb6cd702f36ff68f57041eb4c0f470f91b18609ac2cff85bc53f,801,190,991,25903,success,executor.execute task=4
2025-12-17T21:09:24.252066Z,session-mjai57e6-0q9m,a9155f2e-a69c-491d-ade0-e3073fcdf9d7,codellama:13b,http://localhost:11434/api/chat,f9d423a7d00522eea6cb9d8ba00152be26942b6795c11c76c2a2db7112d98667,827,265,1092,56289,success,executor.execute task=3
2025-12-17T21:09:28.834904Z,session-mjai57e6-0q9m,ba71b834-3454-4adf-9872-0e1becfa4371,qwen2.5,http://localhost:11434/api/chat,e11592aa8582472045be92575f9f5c893b2b89f1e722c796d5207d593e69b1b5,584,112,696,34966,success,reviewer.review task=4
2025-12-17T21:09:29.722648Z,session-mjai57e6-0q9m,fbad7f55-a545-48fe-8cb4-9398336e99c3,qwen2.5,http://localhost:11434/api/chat,0305ab1037d75e4c42d3eee74661eef69fa7bad78a806516a07efc9cf34a1c4d,702,34,736,5469,success,reviewer.review task=3
2025-12-17T21:10:30.036177Z,session-mjai57e6-0q9m,b360f22c-b6de-4662-8ee9-aecbe3641469,codellama:13b,http://localhost:11434/api/chat,ed65457846e1e4ac1968581aed74b2cf5e45a8763482dab3447d7ad2f8353c04,851,458,1309,61200,success,executor.execute task=5
2025-12-17T21:10:35.231217Z,session-mjai57e6-0q9m,0cc09541-6f1c-4905-8244-960043704507,qwen2.5,http://localhost:11434/api/chat,3b2fdaec62356ecd868d8c7f5a577bae057a08c4a302903f0700baacc291d29e,1022,33,1055,5194,success,reviewer.review task=5
2025-12-17T21:11:16.132919Z,session-mjai57e6-0q9m,1b88c7c0-8f6f-4219-9eef-e05f58241ae5,codellama:13b,http://localhost:11434/api/chat,ffe9ff7a3556205991fd52e6ef4e21da9dc232d5b17eaa5c75970aba61685480,894,293,1187,40900,success,executor.execute task=7
2025-12-17T21:11:35.062448Z,session-mjai57e6-0q9m,8f7fc36f-c0a8-40c8-9eac-9541c6005f90,codellama:13b,http://localhost:11434/api/chat,4953cdc0e14e6d458b427c3f3b51bba308ece150875b865f14c85f5e6e1f6cea,804,157,961,59830,success,executor.execute task=6
2025-12-17T21:11:40.810663Z,session-mjai57e6-0q9m,b997205a-b77e-4348-b302-7158ac799982,qwen2.5,http://localhost:11434/api/chat,a4e74e19bded4cb279a075696d64e1f2872ed5f4de4013f79ae20cd1ec85c84d,801,208,1009,24676,success,reviewer.review task=7
2025-12-17T21:11:41.596862Z,session-mjai57e6-0q9m,5e063249-1c15-4cc0-8c92-e530667e5b64,qwen2.5,http://localhost:11434/api/chat,2dfd852b425eab96f9adbeb8823b170900f7bf984c546d09ed8dfb87f2559b4e,518,35,553,6533,success,reviewer.review task=6
2025-12-17T21:12:03.177729Z,session-mjai57e6-0q9m,2c496791-ca4e-4b69-b058-a9ef1d849219,codellama:13b,http://localhost:11434/api/chat,eab1b89ccf8a38b6ec4df691165023edf76895be5607b832c8ae1e23ffff5b2d,798,153,951,22365,success,executor.execute task=8
2025-12-17T21:12:08.155727Z,session-mjai57e6-0q9m,dd006a44-a84c-4214-b7b2-dd03bf5ebfe2,qwen2.5,http://localhost:11434/api/chat,e7d1e3d39bb9e8c30613f757ac6a5d1284be3e4aaf09a2c456ac6385c5c21fa0,538,36,574,4977,success,reviewer.review task=8
2025-12-17T21:12:16.855425Z,session-mjai57e6-0q9m,df70a9f9-ed1b-42c6-bfbd-50ea9581f1f6,qwen2.5,http://localhost:11434/api/chat,dfa69596004f7d27ad66233da2480ea5f16a2d64f6ccf22f12d23526c8e7b46c,4096,248,4344,8696,success,critic.evaluate_final
2025-12-17T21:13:18.914510Z,session-mjai57e6-0q9m,eda0d1f7-51af-49f3-869c-06a19013e340,codellama:13b,http://localhost:11434/api/chat,924a1ea58f385acc88a74d88f3eee2d908199c1b5d414f0ea48292cc6d3de05b,882,0,882,62058,error:ReadTimeout,"self_correction task=1 | HTTPConnectionPool(host='localhost', port=11434): Read timed out. (read timeout=60)"
2025-12-17T21:14:03.331667Z,session-mjai57e6-0q9m,84a34985-e89d-4415-ba2a-15f5fd8b543f,codellama:13b,http://localhost:11434/api/chat,4309a6cc8e246176041aade4df515a7aa2c82020b862107708c45c031d8624b7,1037,353,1390,44415,success,self_correction task=2
2025-12-17T21:14:10.837910Z,session-mjai57e6-0q9m,0bec0a52-9713-43b1-9a4f-305171cbe886,qwen2.5,http://localhost:11434/api/chat,a1a3c012044be4b286dd0c6b82a59d72ec7ea5ed85b9a3466fee6dd12cb9462c,794,152,946,7504,success,reviewer.review task=2
2025-12-17T21:18:16.617076Z,session-mjaijkq8-1tnl,404b85af-429c-4558-bcec-bfe32c037c2e,gemma3:4b,http://localhost:11434/api/chat,6fbeec9fdfa27e721030a3b676f31f1571bc40d8ce97d70ba39f8027821e9cfa,1621,594,2215,13833,success,prompt_optimizer.optimize
2025-12-17T21:18:34.024585Z,session-mjaijkq8-1tnl,fb8aafae-35de-4f27-b1a0-3927bd7fed2d,qwen2.5,http://localhost:11434/api/chat,3a71e4eb503d086769382c7987fc8f3e939752b6d0f7f717e4c57b85885519cd,1121,663,1784,17405,success,planner.plan
2025-12-17T21:18:43.206356Z,session-mjaijkq8-1tnl,3fee7a9f-3e92-4291-9e9a-df112f3dd138,codellama:13b,http://localhost:11434/api/chat,134a3de691eea9b9f8e15946d6b330b92f56e8bbd637b8f5d4b24da68b154a24,810,32,842,9180,success,executor.execute task=1
2025-12-17T21:18:48.146375Z,session-mjaijkq8-1tnl,1bfd5f72-c576-425f-8e28-60f7ed6b6710,qwen2.5,http://localhost:11434/api/chat,3052129084b75a4e2a9f0bf1525c8722dbdc8156a32521b28d8b85a3773bd21b,384,35,419,4939,success,reviewer.review task=1
2025-12-17T21:19:20.030558Z,session-mjaijkq8-1tnl,1a5bb75d-beb9-4a0d-9639-4f7305c6b9a1,codellama:13b,http://localhost:11434/api/chat,68278d39025172e62a5a04b970f802b6056148aed606a4c1ec8ca8e610aa951c,799,240,1039,31883,success,executor.execute task=2
2025-12-17T21:19:24.890603Z,session-mjaijkq8-1tnl,4f6e0410-ca65-4e1e-9234-9e6a6b234527,qwen2.5,http://localhost:11434/api/chat,df4c6936dca9377a9c2f800ab194a303591dc63bda94056f5d9a70ac690438cd,622,33,655,4859,success,reviewer.review task=2
2025-12-17T21:19:57.117811Z,session-mjaijkq8-1tnl,262d745c-d25b-4aa4-8a77-f678559cab87,codellama:13b,http://localhost:11434/api/chat,da9c329a5f06c00e6f46e1fed73ac7666466eb10c67a18ded0dc6e634ceff5af,828,246,1074,32226,success,executor.execute task=3
2025-12-17T21:20:02.004619Z,session-mjaijkq8-1tnl,6de55cd7-302f-43c8-9777-ca460de58662,qwen2.5,http://localhost:11434/api/chat,af97029feb372f080b47850efc49df4d67d47cb5d2e1c1b61c9efec81d5bbcfb,648,34,682,4886,success,reviewer.review task=3
2025-12-17T21:20:57.553512Z,session-mjaijkq8-1tnl,669ca6ed-2425-44ad-ad7d-d180e71ac55c,codellama:13b,http://localhost:11434/api/chat,f9cdca7984ee22248d6b71e96d654090cf6552820dec97073f2f26ff6e951c0c,797,445,1242,55547,success,executor.execute task=4
2025-12-17T21:21:02.385912Z,session-mjaijkq8-1tnl,1e9e149e-449b-4069-803b-715289a6efd5,qwen2.5,http://localhost:11434/api/chat,6e6c777abff921e862f5c41f04b74e25955d902afbb183d0643deceb57f2fbd0,374,37,411,4831,success,reviewer.review task=4
2025-12-17T21:21:23.743278Z,session-mjaijkq8-1tnl,c1d67ec5-4f90-4620-8b03-d08171eae8b5,codellama:13b,http://localhost:11434/api/chat,72258878bd2a9f8b5cb88bd370513985bf175b06b2a0275d6ef1624fc511d475,789,154,943,21356,success,executor.execute task=5
2025-12-17T21:21:28.613498Z,session-mjaijkq8-1tnl,2ec15eee-45f9-49ff-bb4c-bbdbedb786cf,qwen2.5,http://localhost:11434/api/chat,076614fa4c6715f1bc6431e2cfc512894ff71904e3bf3ff75e89303e7e0876f2,517,33,550,4869,success,reviewer.review task=5
2025-12-17T21:21:43.834927Z,session-mjaijkq8-1tnl,311ba4df-bee5-44e1-a123-5632b0f05518,codellama:13b,http://localhost:11434/api/chat,b34fd5e939319cc346fe01bad61c1daa906c769ec511571aa3b607cc14ed2879,803,97,900,15219,success,executor.execute task=6
2025-12-17T21:21:48.648507Z,session-mjaijkq8-1tnl,ba57a0e5-3a3a-42ab-8aea-929decc62e35,qwen2.5,http://localhost:11434/api/chat,8f7f4e530412d463a277ebd597151b63c6b02565eed2a59683c668815bf54d9b,431,33,464,4812,success,reviewer.review task=6
2025-12-17T21:21:57.388123Z,session-mjaijkq8-1tnl,489ddbe5-8089-46d4-912d-3c04eae86bfc,qwen2.5,http://localhost:11434/api/chat,ac1e230a1197ad7ad84d44abab6762f0cdaf3e3cd7b66bd8c82054d69cdb3e3f,2796,316,3112,8738,success,critic.evaluate_final
2025-12-17T21:22:37.984651Z,session-mjaijkq8-1tnl,fef236b2-25ff-4302-9754-109cbfdb2fc9,codellama:13b,http://localhost:11434/api/chat,db8a558868e19d12d437f1442d7fdaa5eeaac62eda9901fca641df7eeae41048,990,310,1300,40595,success,self_correction task=1
2025-12-17T21:22:43.005518Z,session-mjaijkq8-1tnl,4fad11e5-5ec5-4fcf-b73c-64fffc3b3254,qwen2.5,http://localhost:11434/api/chat,95cb2190ff812264e5942421589b85894032309baf9c3ed786ed43298f18df59,742,39,781,5020,success,reviewer.review task=1
2025-12-17T21:23:16.881733Z,session-mjaijkq8-1tnl,9f53c249-0f2f-48d5-8fc5-8817f1548f8c,codellama:13b,http://localhost:11434/api/chat,dbb0d82b7490aaef99bed9e2608efdfe621c96a94e33a5d12158501e2ede1f5d,1186,240,1426,33874,success,self_correction task=2
2025-12-17T21:23:21.792458Z,session-mjaijkq8-1tnl,a96da88b-b1c9-4321-ba17-4b5b90e5baca,qwen2.5,http://localhost:11434/api/chat,df4c6936dca9377a9c2f800ab194a303591dc63bda94056f5d9a70ac690438cd,622,36,658,4910,success,reviewer.review task=2
2025-12-17T21:24:23.264845Z,session-mjaijkq8-1tnl,9b501355-2f39-436e-b3e3-6cf9f561dac0,codellama:13b,http://localhost:11434/api/chat,4daf18963d689723440c5b07c62dc6e1c14de4f60a37d2719d157e42b480e407,1221,439,1660,61471,success,self_correction task=3
2025-12-17T21:24:28.477860Z,session-mjaijkq8-1tnl,e4b50fd2-508c-49a8-98fc-256787b6beca,qwen2.5,http://localhost:11434/api/chat,7e24f8736a2a4b1ace4f2ffc140047858ec008eb0e70fccb8393a127a9272905,897,43,940,5211,success,reviewer.review task=3
2025-12-17T21:25:03.355383Z,session-mjaijkq8-1tnl,0c770c04-0686-45ed-9e36-91741430b969,codellama:13b,http://localhost:11434/api/chat,698cdb6620050df1cbb921c8c656a72f6a2a758ed863ef8703cbed1a47d002d3,977,236,1213,34877,success,self_correction task=4
2025-12-17T21:25:09.569992Z,session-mjaijkq8-1tnl,033fa886-7caf-4a94-b995-bc39d15c9436,qwen2.5,http://localhost:11434/api/chat,5cb8f41fa5db06870ee3aa9978fb53ae0d79a9ac653a3c0e9e866256baa9f9f3,597,100,697,6213,success,reviewer.review task=4
2025-12-17T21:25:36.102360Z,session-mjaijkq8-1tnl,48cf3a5c-2c0c-4521-9d1d-e3da35a8a019,codellama:13b,http://localhost:11434/api/chat,3f8de715140eec2d64be5fe550111efaae48fc3386ee0f97355e3eaf13d43fa8,1090,154,1244,26532,success,self_correction task=5
2025-12-17T21:25:40.993136Z,session-mjaijkq8-1tnl,9c628a35-96bb-43f3-bd97-12501167d7cc,qwen2.5,http://localhost:11434/api/chat,076614fa4c6715f1bc6431e2cfc512894ff71904e3bf3ff75e89303e7e0876f2,517,33,550,4891,success,reviewer.review task=5
2025-12-17T21:32:30.399179Z,session-mjaijkq8-1tnl,1248a445-acfa-448c-aefb-e3b26aa21dae,gemma3:4b,http://localhost:11434/api/chat,6fbeec9fdfa27e721030a3b676f31f1571bc40d8ce97d70ba39f8027821e9cfa,1621,411,2032,10081,success,prompt_optimizer.optimize
2025-12-17T21:32:51.708647Z,session-mjaijkq8-1tnl,d0134480-7df5-4a3f-a0f0-012f6f504e52,qwen2.5,http://localhost:11434/api/chat,024e95cb91c6404ddb3b491a70911d65f5a2d27cbe8db4a6bf19503cfc3229c5,944,825,1769,21307,success,planner.plan
2025-12-17T21:33:23.950068Z,session-mjaijkq8-1tnl,b5f77e2e-f821-4a6b-b2d8-70a7d17a85c2,codellama:13b,http://localhost:11434/api/chat,0068be81d334110c79beef773731cf47c7ace006777b3063e6de907397694781,785,212,997,32240,success,executor.execute task=1
2025-12-17T21:33:28.962896Z,session-mjaijkq8-1tnl,9b8881dc-826c-45a2-9dc6-d3c71739c2f9,qwen2.5,http://localhost:11434/api/chat,b9508715cc854bf699c52ebea3f195e216371cc8a28b4e9e09a165754548784e,583,33,616,5011,success,reviewer.review task=1
2025-12-17T21:33:51.245442Z,session-mjaijkq8-1tnl,926a0aaa-f243-47a7-845f-e5805f578520,codellama:13b,http://localhost:11434/api/chat,4dbe0c4bb240515e50e09ffa8a35267e52d24a655be2c0baaca487af07de9ad7,796,135,931,22281,success,executor.execute task=3
2025-12-17T21:34:02.681272Z,session-mjaijkq8-1tnl,be40a7ba-8b69-406f-9b1b-be8ccc0de693,codellama:13b,http://localhost:11434/api/chat,be93deacdbf12799e21d54697ec5078f87073e919623cb86338174690c5e4d42,808,89,897,33717,success,executor.execute task=2
2025-12-17T21:34:07.048124Z,session-mjaijkq8-1tnl,4727dc3c-63b2-4d1a-806c-9da8f3170969,qwen2.5,http://localhost:11434/api/chat,914d592f3f83476c041cde06f0713442ee22007e6f530289648ebf5fd5edb4aa,495,126,621,15802,success,reviewer.review task=3
2025-12-17T21:34:10.540134Z,session-mjaijkq8-1tnl,68567b73-cbe8-43cb-a59a-02212b74934c,qwen2.5,http://localhost:11434/api/chat,2c8bebda59748cec49c57567ae1d47edb36a1351d9f4a95e42e25d75e787d316,437,168,605,7858,success,reviewer.review task=2
2025-12-17T21:34:33.342065Z,session-mjaijkq8-1tnl,a27a4fc8-509d-45dd-bf57-a6cc528b2f08,codellama:13b,http://localhost:11434/api/chat,11d8064681333ec59d830074557e5fef69f9d4344e087bfdfe52c91ccdd645b8,801,164,965,26293,success,executor.execute task=4
2025-12-17T21:35:03.243659Z,session-mjaijkq8-1tnl,4341528e-24a9-4c5c-8678-e706efa01051,codellama:13b,http://localhost:11434/api/chat,aa6bad22763096b7c0a2e0a2961421f080c0b21fff7a1b1d8fa7cfb1cf347a83,791,248,1039,52702,success,executor.execute task=5
2025-12-17T21:35:05.785552Z,session-mjaijkq8-1tnl,db6acce9-f6cd-4de4-9277-323e4de6c9ae,qwen2.5,http://localhost:11434/api/chat,81e2317f14438ccda40a97ffeab0c16b9eaafd2b6cfb80c5e3e6f4733bf835ee,541,36,577,32442,success,reviewer.review task=4
2025-12-17T21:35:06.614704Z,session-mjaijkq8-1tnl,1dd69e62-7d7b-472d-8f0e-d06dce07b327,qwen2.5,http://localhost:11434/api/chat,a2d0397536794a09c2e292d4a2e8ec9a737f5481a46390918117750b10d99c03,678,33,711,3370,success,reviewer.review task=5
2025-12-17T21:35:41.574417Z,session-mjaijkq8-1tnl,a77eafd5-fd1e-4fa7-996f-0d37e6052c7c,codellama:13b,http://localhost:11434/api/chat,e4d4ee19fe1ddfc079f955fd7f9ba9182485901330d145d217272dbefd2e97f7,799,251,1050,35787,success,executor.execute task=6
2025-12-17T21:36:19.702488Z,session-mjaijkq8-1tnl,fa9a31af-4047-472f-895e-133941400a47,codellama:13b,http://localhost:11434/api/chat,329f525725777abf08bce13757fab4059b3925d5d48c7c1127999fece9b9b737,781,313,1094,73086,success,executor.execute task=7
2025-12-17T21:36:22.233737Z,session-mjaijkq8-1tnl,2d050364-34ca-4ae2-b08d-9c302d63ae82,qwen2.5,http://localhost:11434/api/chat,0e71655209d429897c2e8241b3a4171201edb037744199e0c2c1bd57d51e929c,663,33,696,40658,success,reviewer.review task=6
2025-12-17T21:36:23.088375Z,session-mjaijkq8-1tnl,e36efb9a-d0ac-433b-a530-40498246395c,qwen2.5,http://localhost:11434/api/chat,b331c9c9427651a86f7115c6a45e857e212ecf1cf5fa16d1eb133fa8f5c4fe81,763,36,799,3385,success,reviewer.review task=7
2025-12-17T21:36:55.178413Z,session-mjaijkq8-1tnl,6fc5d5c7-68e4-4c1f-a179-8cb7593428e5,codellama:13b,http://localhost:11434/api/chat,7c2660c94314608c37aaf1ca59c42d578bd8acc3ee1571a5cc8703e45b525c40,831,216,1047,32088,success,executor.execute task=8
2025-12-17T21:37:00.415449Z,session-mjaijkq8-1tnl,beedfccd-25a7-454b-833e-9c73674bbae4,qwen2.5,http://localhost:11434/api/chat,e0a4392165913f7ea115ffc77c8cbed29e1cb87dad6d0ac417969f60d6872fb0,643,33,676,5237,success,reviewer.review task=8
2025-12-17T21:37:15.113826Z,session-mjaijkq8-1tnl,44b4bb0c-f136-4304-a4ab-d459e7c5f9e8,qwen2.5,http://localhost:11434/api/chat,1231f546dde6f59ab1cd4733f121344821c417818345e2251e42bc7945962769,3958,533,4491,14695,success,critic.evaluate_final
2025-12-17T21:41:09.793504Z,session-mjaijkq8-1tnl,99e10d68-f4c5-4f50-802c-3abb355ff42e,gemma3:4b,http://localhost:11434/api/chat,a576091e95dc3d072d674339103cd10469a95a7f09921fa7e7e9ca871c7c1e84,1622,555,2177,13270,success,prompt_optimizer.optimize
2025-12-17T21:41:25.316904Z,session-mjaijkq8-1tnl,f77765d6-6d0a-4351-99ea-fe3625e5ec27,qwen2.5,http://localhost:11434/api/chat,50d0a2f50328edf03a04afca869cd4713300782ecf18f2e46b7e87f904fe17b1,1077,587,1664,15520,success,planner.plan
2025-12-17T21:41:58.245854Z,session-mjaijkq8-1tnl,acd59958-14c2-4630-9a22-41964f68cc73,codellama:13b,http://localhost:11434/api/chat,eb9ac841b7aec1d58e4b06fba03191b22b3bb765be32c87c9a56eb33262e1a78,769,244,1013,32927,success,executor.execute task=1
2025-12-17T21:42:03.210188Z,session-mjaijkq8-1tnl,3323c33b-c60e-4379-92b9-44d173ad63e6,qwen2.5,http://localhost:11434/api/chat,e99cf6aedb803a2793bbbee17f2a7850ecf0cb9939eea8fba96f7229efdad8c6,641,34,675,4963,success,reviewer.review task=1
2025-12-17T21:42:23.260293Z,session-mjaijkq8-1tnl,c6168c3f-1da2-4fed-95ca-1bc2656352fe,codellama:13b,http://localhost:11434/api/chat,b1f838b4484ae04b65782fcb14e6aa4bf62e63e582f66009daa51b3d44efd9e1,785,135,920,20048,success,executor.execute task=3
2025-12-17T21:42:45.515316Z,session-mjaijkq8-1tnl,1c4e4d99-fbf1-4c49-992d-1c2f18f22c80,codellama:13b,http://localhost:11434/api/chat,61588f60fc0b747faad8d45adeebec56c1f55d370d4eac732e860ebec43fe47f,780,193,973,42304,success,executor.execute task=2
2025-12-17T21:42:47.994463Z,session-mjaijkq8-1tnl,ab56af1a-2a40-4e2f-a8eb-dde68e720c5a,qwen2.5,http://localhost:11434/api/chat,7b26d4d14cf937fc49b0570e1c498afe77bcebb20eafe9fc12ec2c1d8b9dc8fa,462,33,495,24733,success,reviewer.review task=3
2025-12-17T21:42:48.770409Z,session-mjaijkq8-1tnl,2174668d-f4b6-4400-b417-8b260ce59c13,qwen2.5,http://localhost:11434/api/chat,776434e953130875160eac6f2fb5eacdc8bc3a8a3e0d0a5c2bedeb36bd3f3ae4,609,35,644,3254,success,reviewer.review task=2
2025-12-17T21:43:11.682695Z,session-mjaijkq8-1tnl,60feeb4e-cb24-4f1e-a88f-0799028b6773,codellama:13b,http://localhost:11434/api/chat,9a57604b4bb462f39e3c17ad49db2e1e1413f2f651d4eead5fe3e54d04c4b167,777,165,942,23687,success,executor.execute task=4
2025-12-17T21:43:32.664595Z,session-mjaijkq8-1tnl,e7447bd6-98b1-4098-a00f-5c1200989a97,codellama:13b,http://localhost:11434/api/chat,7badc56741ea7365910611595b78891e8f0c376aebbdbb219b31e6a9b78b2bce,768,182,950,43892,success,executor.execute task=5
2025-12-17T21:43:36.520950Z,session-mjaijkq8-1tnl,6b2e6dd0-8951-41ec-89d4-92843a8ac2f6,qwen2.5,http://localhost:11434/api/chat,2ded74c4266211b89ca114c1872d0716dd29f5e2d32ada8ea2f94af51e8ba254,511,107,618,24836,success,reviewer.review task=4
2025-12-17T21:43:37.280378Z,session-mjaijkq8-1tnl,b8340f60-38f2-4342-8847-e0ed9d771f3b,qwen2.5,http://localhost:11434/api/chat,e2f936d632ef8fc437ad10a2adb291407433d57da7e4b605876bbeabdaa7c561,516,35,551,4615,success,reviewer.review task=5
2025-12-17T21:44:25.224887Z,session-mjaijkq8-1tnl,21a662cf-6f6b-46f7-8b6a-f352186192e2,codellama:13b,http://localhost:11434/api/chat,98da6e27a7e92ab2fc4e3bea97f8f84bf3539710eb90c4a4e5f7ae0dd8f2d6b9,779,374,1153,48702,success,executor.execute task=6
2025-12-17T21:44:30.217176Z,session-mjaijkq8-1tnl,b7906c7b-79cc-4b22-8e40-ace3929f76a0,qwen2.5,http://localhost:11434/api/chat,17a9d9f9b4668b54b5c7d2a465be666507d81883bedead62d5d860aa093afc29,852,33,885,4991,success,reviewer.review task=6
2025-12-17T21:45:06.933515Z,session-mjaijkq8-1tnl,2c08d344-6f36-43d1-996b-b99b32c92b3c,codellama:13b,http://localhost:11434/api/chat,0c80f73215e46926ee7c243524b25809ffc5ff8cedd34845baa0c3648e81a54c,788,276,1064,36715,success,executor.execute task=7
2025-12-17T21:45:11.871052Z,session-mjaijkq8-1tnl,eda156b3-6e9d-437d-bf9f-29cc9e67b6cf,qwen2.5,http://localhost:11434/api/chat,7bb02de18c50c041a07596151121aad94246b2426e167aa6602c97efe2e26ed5,703,34,737,4937,success,reviewer.review task=7
2025-12-17T21:45:19.744920Z,session-mjaijkq8-1tnl,e086c296-45a7-4c43-ad8c-5b7fd9bf03f2,qwen2.5,http://localhost:11434/api/chat,0d59026e6a449cee79d0f0e21ae67f4597e060350efc7791555eb6900cf1ee2d,3592,243,3835,7870,success,critic.evaluate_final
2025-12-17T21:47:47.800304Z,session-mjaijkq8-1tnl,5f033af8-2535-4e36-b27b-5a3c825b7298,gemma3:4b,http://localhost:11434/api/chat,a576091e95dc3d072d674339103cd10469a95a7f09921fa7e7e9ca871c7c1e84,1622,533,2155,12935,success,prompt_optimizer.optimize
2025-12-17T21:48:09.520685Z,session-mjaijkq8-1tnl,1046510d-4413-4379-84a1-bb32c5d4f747,qwen2.5,http://localhost:11434/api/chat,ca6e72d64dd958f2f764545885bde1726ed56adae0cbe0fada7d61579a845f11,1051,922,1973,21717,success,planner.plan
2025-12-17T21:49:55.513663Z,session-mjaijkq8-1tnl,d7a99eeb-0773-4b99-abd7-eb6504653b5c,codellama:13b,http://localhost:11434/api/chat,59ac494a64ffcdc3773c76a8725f2bb6dbfc9ec95cd40b9f21ff788f8a2a0cd8,797,823,1620,105991,success,executor.execute task=1
2025-12-17T21:50:00.685232Z,session-mjaijkq8-1tnl,1dbfcd19-848b-4ae1-b7ee-ce6f20c1bb6b,qwen2.5,http://localhost:11434/api/chat,a96485cde5822e1daa857fd128bea6c59a29a21baee6e48c9282f9f82a70f097,1463,35,1498,5170,success,reviewer.review task=1
2025-12-17T21:50:30.393287Z,session-mjaijkq8-1tnl,bdc312a7-407a-446c-bed0-5787148a9163,codellama:13b,http://localhost:11434/api/chat,495f4568463d9fa1fafedf3bfdff8a6f90c64473da7210f2678b94cbdd95e715,789,214,1003,29707,success,executor.execute task=2
2025-12-17T21:51:00.861736Z,session-mjaijkq8-1tnl,180f8f11-f4e8-44a9-bbdd-859bceaa4836,codellama:13b,http://localhost:11434/api/chat,7bc2b9bb810a64f7e2284a85740ac9b1ed526b02de494e8301f81327be73c057,780,262,1042,60174,success,executor.execute task=3
2025-12-17T21:51:05.024942Z,session-mjaijkq8-1tnl,7ebae64e-1958-4a15-a40c-4da95938af0e,qwen2.5,http://localhost:11434/api/chat,c04284688c754470c0e21d0be02c1e7189920e9935e0d21a2b2988b8f1cce965,595,123,718,34630,success,reviewer.review task=2
2025-12-17T21:51:05.850947Z,session-mjaijkq8-1tnl,1fac7c54-3e7b-44c5-9151-3efe487e753b,qwen2.5,http://localhost:11434/api/chat,bf3a7947671b860630552ca2b27b00fc9e4c0fbd1a4b956812e684510f6551ba,691,36,727,4988,success,reviewer.review task=3
2025-12-17T21:51:22.831794Z,session-mjaijkq8-1tnl,508943d1-932b-4551-af9d-a90667ee37ae,codellama:13b,http://localhost:11434/api/chat,97b2c8639994d0916ba43d7a19b31b34328b17f56ee323fa04302e1635efe2f7,787,118,905,17805,success,executor.execute task=4
2025-12-17T21:51:47.733958Z,session-mjaijkq8-1tnl,63b318dc-3462-403c-af3d-6234c006a34b,codellama:13b,http://localhost:11434/api/chat,5a20706ac79a542d8255eed2818ad32ce8a804d07f16f422cbac9a4ab01044f4,779,216,995,41881,success,executor.execute task=5
2025-12-17T21:51:50.209473Z,session-mjaijkq8-1tnl,3c0a9aba-9626-4c76-b8a2-32f0992e58a8,qwen2.5,http://localhost:11434/api/chat,e52f7de597bb4b1776bf015ba312c2f4071c168cab4409758949bdb675eff1f2,458,33,491,27376,success,reviewer.review task=4
2025-12-17T21:51:51.031015Z,session-mjaijkq8-1tnl,4685c961-85f2-4fe0-9298-561000b334e6,qwen2.5,http://localhost:11434/api/chat,91e746a3045c31bd5851658f223a1cc76a10ab0dcf1b29c53985b93f524957e5,620,34,654,3297,success,reviewer.review task=5
2025-12-17T21:52:09.302646Z,session-mjaijkq8-1tnl,71e55280-c86b-4c5a-b035-ae6eeecd5084,codellama:13b,http://localhost:11434/api/chat,9a0e7f869dba1be90febe12184120a9980e7a27521e731b12ea8a27781c30194,776,127,903,19091,success,executor.execute task=6
2025-12-17T21:52:27.070038Z,session-mjaijkq8-1tnl,a16a4939-12a8-4ce9-b049-955dc0401e1b,codellama:13b,http://localhost:11434/api/chat,29721d20550877f70b7b8756cae58ff8e6116c6ceef2a9d58b5a81706e4d0d2e,795,155,950,36038,success,executor.execute task=7
2025-12-17T21:52:29.571037Z,session-mjaijkq8-1tnl,e36abe08-f657-4942-a90d-f7070a562040,qwen2.5,http://localhost:11434/api/chat,7022b8995698c5e4fa3909d473e61fdd224db27e08c72d153c7f686ce5cee751,443,36,479,20267,success,reviewer.review task=6
2025-12-17T21:52:30.309592Z,session-mjaijkq8-1tnl,368db110-d907-4598-a50c-c0db7197254e,qwen2.5,http://localhost:11434/api/chat,386ebd66d89bb5910ee8e38eac7a8a0d23a90a573957789735ad62e8801090d1,521,34,555,3238,success,reviewer.review task=7
2025-12-17T21:52:49.260955Z,session-mjaijkq8-1tnl,e5f53dfe-b1fc-466a-b613-135e5909c328,codellama:13b,http://localhost:11434/api/chat,51d086f6325e387c261ff354aa6d8cc16b79c5c7e4fcce86339bc9f6a98751a7,791,132,923,19688,success,executor.execute task=8
2025-12-17T21:53:06.174024Z,session-mjaijkq8-1tnl,d5773873-4fe7-43df-9648-561c56a64a51,codellama:13b,http://localhost:11434/api/chat,a1eceb3f54604b8ce636ef3595988431ff9d66e6a56d11bd0b213e96b82f757e,792,153,945,35863,success,executor.execute task=9
2025-12-17T21:53:10.774191Z,session-mjaijkq8-1tnl,80ebd1b4-0f38-4b0e-9739-f2bd9ccca68d,qwen2.5,http://localhost:11434/api/chat,b924c42a7bccfb1c1fb083326619c8d0c6fbbcf98ea10ca6a8f5e32ce7a2c2b3,472,151,623,21513,success,reviewer.review task=8
2025-12-17T21:53:11.473908Z,session-mjaijkq8-1tnl,48d302e2-5f15-4024-9996-06ff207f8864,qwen2.5,http://localhost:11434/api/chat,8fd51f6272816706321e5d461d94ffcf3435c30f85c2f67b0811658770e70234,509,33,542,5298,success,reviewer.review task=9
2025-12-17T21:53:38.749677Z,session-mjaijkq8-1tnl,2afb3148-e252-4f40-8c18-139102ab3c8a,codellama:13b,http://localhost:11434/api/chat,5353d9446b15f833cc2fc4ad5a3b41126d8cd75640dba223552a0b24a6fdab74,790,200,990,27974,success,executor.execute task=10
2025-12-17T21:53:43.692483Z,session-mjaijkq8-1tnl,05e0cfaa-7253-47da-8f0b-c34bfd634a80,qwen2.5,http://localhost:11434/api/chat,1d43edf3af7dc3db6927381500882e4845dc7ee21d86fb6e030d865cc185bce6,549,34,583,4942,success,reviewer.review task=10
2025-12-17T21:53:50.929009Z,session-mjaijkq8-1tnl,71521f9c-3901-4699-844e-b1f2d57c5016,qwen2.5,http://localhost:11434/api/chat,34e10cb4b1cb27c21e15e3647e54c049686c8ae5fecaa82efe6fe62cdcab341f,4096,197,4293,7233,success,critic.evaluate_final
2025-12-17T22:01:06.953506Z,session-mjaijkq8-1tnl,38e2d5a9-08a3-4a4a-a74b-c58520f407ff,gemma3:4b,http://localhost:11434/api/chat,a576091e95dc3d072d674339103cd10469a95a7f09921fa7e7e9ca871c7c1e84,1622,572,2194,11612,success,prompt_optimizer.optimize
2025-12-17T22:01:26.111216Z,session-mjaijkq8-1tnl,0bd06941-12a7-4a7f-a9e3-f347dc6837b0,qwen2.5,http://localhost:11434/api/chat,a15f8ea220fcedf34e2dd0c20b5f19b0592abbab59c54f1d3f5ee238ae997d64,1082,784,1866,19155,success,planner.plan
2025-12-17T22:02:05.755224Z,session-mjaijkq8-1tnl,6cbcd029-59e3-4183-a37c-03f962168989,codellama:13b,http://localhost:11434/api/chat,4e832bd95a57389581564331b1f53b6c0d6bcd9f37e42b3d43c86d90bce936e9,783,282,1065,39643,success,executor.execute task=1
2025-12-17T22:02:10.712834Z,session-mjaijkq8-1tnl,18f17965-e7a2-4f64-895d-24ecedaf96f9,qwen2.5,http://localhost:11434/api/chat,6f3b117b9f9c8f83a0929db94f3e322209a582be0585bff24a13e0212d9441a8,681,33,714,4956,success,reviewer.review task=1
2025-12-17T22:02:33.372041Z,session-mjaijkq8-1tnl,04f57e4e-a983-4cef-9612-584f6245c2bc,codellama:13b,http://localhost:11434/api/chat,85778681344f484eebbd2b0dcdce07b30bf800e4f5f541fb9f726d7419650b58,791,149,940,22658,success,executor.execute task=3
2025-12-17T22:02:44.033736Z,session-mjaijkq8-1tnl,1cb2d99f-ee96-47d2-88d9-6934d3401fed,codellama:13b,http://localhost:11434/api/chat,7d609b27a2ad11dcc065d5fc72e523999958acd9b9c21b8e19bf96bcf257a86d,793,91,884,33319,success,executor.execute task=2
2025-12-17T22:02:47.508926Z,session-mjaijkq8-1tnl,8cb8a9b7-52f3-4168-93e2-ea08d8b31834,qwen2.5,http://localhost:11434/api/chat,ea99edc558d1040adb664e850b2a38516200a28228392b2b7fb1a59d1246d329,481,87,568,14135,success,reviewer.review task=3
2025-12-17T22:02:51.063778Z,session-mjaijkq8-1tnl,ad920c69-4461-4a18-b6d2-e5b388bee7aa,qwen2.5,http://localhost:11434/api/chat,11e715e6ed044ed2eb6be6954764bea9e780d7ab1371668392a04ee127a4a6b3,428,188,616,7029,success,reviewer.review task=2
2025-12-17T22:03:16.759901Z,session-mjaijkq8-1tnl,97090690-c49d-4ca5-8803-1d4dfeecd172,codellama:13b,http://localhost:11434/api/chat,befaddbc382bbb277ab60c28946092f911f79bc60abe9ad88e3b847d34c1842c,796,193,989,29249,success,executor.execute task=4
2025-12-17T22:03:41.463058Z,session-mjaijkq8-1tnl,33c0d82f-ba7e-4edb-9983-0b870eee58e9,codellama:13b,http://localhost:11434/api/chat,9019eec9222a8672e154eb01a6791f8518c4662270064687bab8cd633da2acc9,791,207,998,50398,success,executor.execute task=5
2025-12-17T22:03:43.965895Z,session-mjaijkq8-1tnl,96b042e8-40f6-4a3d-b754-9c07625e000b,qwen2.5,http://localhost:11434/api/chat,ab516d87535d53242c99fd70d9bf9a66ec83d3258e9657fdb32fe9ddc735d681,546,33,579,27205,success,reviewer.review task=4
2025-12-17T22:03:44.702997Z,session-mjaijkq8-1tnl,0d90dc3a-859e-4948-990a-ccd0f6a98ec8,qwen2.5,http://localhost:11434/api/chat,11c3a3f6491ee5edc64444fa65d970cc941325eb6e2cbc19e5abc974695d59ab,582,33,615,3238,success,reviewer.review task=5
2025-12-17T22:04:28.126473Z,session-mjaijkq8-1tnl,8316bac2-6f06-4a4d-b874-d9ceb64f2377,codellama:13b,http://localhost:11434/api/chat,a0be0f0cd2566c663cc1d33ea23674e166b95296340e65d2c19503c373c1efec,790,321,1111,44159,success,executor.execute task=6
2025-12-17T22:04:33.085421Z,session-mjaijkq8-1tnl,ed1dc230-45ab-4132-83f5-ab7c7fd667a9,qwen2.5,http://localhost:11434/api/chat,346a608fd6a3bb47aa603803076d9bea6aecd667d2de97e42f015a198d5f2952,767,34,801,4958,success,reviewer.review task=6
2025-12-17T22:05:02.685315Z,session-mjaijkq8-1tnl,5337b22c-3eeb-4b55-89e3-6fd5fe6b5b98,codellama:13b,http://localhost:11434/api/chat,cea48ebc3f95946f5671e344e2b277798f81311ee1e2511d662aa6452f2c806f,805,208,1013,29599,success,executor.execute task=7
2025-12-17T22:05:07.603205Z,session-mjaijkq8-1tnl,112c905b-aa58-4702-b839-4527cfa445eb,qwen2.5,http://localhost:11434/api/chat,61ec99e7641d5c7ee162c5750b617d008fffcecc830884356601a2f43bef4a8f,601,36,637,4917,success,reviewer.review task=7
2025-12-17T22:05:34.996381Z,session-mjaijkq8-1tnl,61200334-ba77-4e82-a153-2c49d2adf076,codellama:13b,http://localhost:11434/api/chat,acfe8f137104a315640d5868ecc0a8a8651f5720617b0c54e6fbe201eb6e2c62,790,186,976,27392,success,executor.execute task=8
2025-12-17T22:05:39.874105Z,session-mjaijkq8-1tnl,e2e98aa0-7975-40b6-9cc7-6e1ea23d115c,qwen2.5,http://localhost:11434/api/chat,ea13bc706da7f40852387f9af17d2cef93e410fcf401ec02fdccaefe90f9656d,559,33,592,4877,success,reviewer.review task=8
2025-12-17T22:05:50.115346Z,session-mjaijkq8-1tnl,ba9a8477-b8b4-4d9e-9033-87964ef55064,qwen2.5,http://localhost:11434/api/chat,ca1ea2054f12ee5108847169cccfa491d6983c796a4939b623192300727f5f23,3953,359,4312,10238,success,critic.evaluate_final
2025-12-17T22:07:20.427716Z,session-mjaijkq8-1tnl,61f31284-643a-47e2-afea-62ba4975e214,codellama:13b,http://localhost:11434/api/chat,fdfe6b3613764ce8f9b7f99cd9fa793c87e950233f8c9d57b3c2d59f9a0604a8,1223,665,1888,90311,success,self_correction task=1
2025-12-17T22:07:27.531917Z,session-mjaijkq8-1tnl,01d3a372-298a-4791-8d67-33be21688676,qwen2.5,http://localhost:11434/api/chat,8bb07ebf337e4c627446b275fd8fe21d49832917569f2d64b7aa082d53f4b37d,1214,138,1352,7102,success,reviewer.review task=1
2025-12-17T22:08:13.565919Z,session-mjaijkq8-1tnl,54081ccb-c568-44a1-a0b8-e35a255f57d3,codellama:13b,http://localhost:11434/api/chat,055f003701c9e0e36a896419abf445ef7b5fe993eccdc03ffb3ee31391b55441,1042,337,1379,46032,success,self_correction task=2
2025-12-17T22:08:20.905968Z,session-mjaijkq8-1tnl,491ab6bb-ed68-4892-9238-bd1c80b54786,qwen2.5,http://localhost:11434/api/chat,077b7ea2f4da5faa14ca2e124b3933ed5698f43635b192860d427fabec1c6bc2,680,164,844,7339,success,reviewer.review task=2
2025-12-17T22:09:22.624877Z,session-mjaijkq8-1tnl,5d798461-e7a1-49cf-aad7-486f054624b6,codellama:13b,http://localhost:11434/api/chat,52f1a5c1bd3a477a6e5efee93df2bfa2a76cf43312bcfffa23977998d27b1789,1098,454,1552,61717,success,self_correction task=3
2025-12-17T22:09:29.848815Z,session-mjaijkq8-1tnl,bce9f950-1fea-4fca-9bf3-7fd08deb5f8e,qwen2.5,http://localhost:11434/api/chat,c8731053ea837c9843be4b7fa64cd5d8990d8222c426a08ca13bec8f1ba61fc0,888,131,1019,7222,success,reviewer.review task=3
2025-12-17T22:10:58.633784Z,session-mjaijkq8-1tnl,99ef7f9c-123c-48dd-b3cc-4110bc679cc9,codellama:13b,http://localhost:11434/api/chat,2f3e581b12a6d3e40ecdc9f366ace22e39aea7e4e65cd8a0373f6ada6b02a13f,1147,666,1813,88783,success,self_correction task=4
2025-12-17T22:11:06.659587Z,session-mjaijkq8-1tnl,7fb4ca4a-7dfb-47d0-bf52-ddf5cce7bdc4,qwen2.5,http://localhost:11434/api/chat,499b920a7c839c6ab4dfda274761e6deed49cb123777e2f9b112818315c7bf3f,1101,191,1292,8024,success,reviewer.review task=4
2025-12-17T22:11:36.677798Z,session-mjaijkq8-1tnl,f4a36a32-06af-44fd-be57-11db11d851d6,codellama:13b,http://localhost:11434/api/chat,dad136d890761f8002862f6291e2e37e4a6aa7ac2ac0640989390d1c60d26018,1156,207,1363,30016,success,self_correction task=5
2025-12-17T22:11:41.619862Z,session-mjaijkq8-1tnl,1e084283-6f2b-4a60-9912-10f7a7fbf6ec,qwen2.5,http://localhost:11434/api/chat,11c3a3f6491ee5edc64444fa65d970cc941325eb6e2cbc19e5abc974695d59ab,582,35,617,4941,success,reviewer.review task=5
2025-12-17T22:14:19.474656Z,session-mjaijkq8-1tnl,9863ee37-1d25-4b46-a1b3-d5a9b361bf5c,codellama:13b,http://localhost:11434/api/chat,8231a24af540c5c4b946f751176a772470938db3de3aaa74cdadd700d7fcd626,1269,1153,2422,157853,success,self_correction task=6
2025-12-17T22:14:24.808800Z,session-mjaijkq8-1tnl,5d90e5be-aeca-43cb-9ed3-799407bcc533,qwen2.5,http://localhost:11434/api/chat,3de18ec0045d6db81be5fda1ddc60e9cb903d62ff8c97120091fce1b5481e774,2035,33,2068,5332,success,reviewer.review task=6
2025-12-17T22:16:59.212707Z,session-mjaijkq8-1tnl,c02b812a-ffdf-4fb5-b82d-a1ae0fef97fc,gemma3:4b,http://localhost:11434/api/chat,a576091e95dc3d072d674339103cd10469a95a7f09921fa7e7e9ca871c7c1e84,1622,670,2292,14614,success,prompt_optimizer.optimize
2025-12-17T22:17:16.026294Z,session-mjaijkq8-1tnl,83462423-4a9c-4abe-9f59-abf744d88b72,qwen2.5,http://localhost:11434/api/chat,a481a180dbca7b42665eb65e482361c2aae86bde1de6694fbd02af2670ac8dbf,1197,669,1866,16811,success,planner.plan
2025-12-17T22:17:49.823405Z,session-mjaijkq8-1tnl,d15fbcf9-d233-4356-b269-e97ee270e6ff,codellama:13b,http://localhost:11434/api/chat,9538a7515e5d36f201870cbddf137b8e03f29f5283609df66d5ffa090f134445,779,226,1005,33795,success,executor.execute task=1
2025-12-17T22:17:57.217327Z,session-mjaijkq8-1tnl,e1651153-c853-46a9-ba1a-df9ec5edc99d,qwen2.5,http://localhost:11434/api/chat,84a89306bbab205d4d1e41c85b5b9167b8577d537f718d7cb1b3a71aa8b1f25b,563,34,597,7393,success,reviewer.review task=1
2025-12-17T22:18:20.049905Z,session-mjaijkq8-1tnl,ae0caed7-bb22-40f8-8527-2f12023194f0,codellama:13b,http://localhost:11434/api/chat,a4496ed0f7737bc797b6bec3fe5425d759b14c2acdec99a6baf29497db03cabe,821,123,944,22831,success,executor.execute task=2
2025-12-17T22:19:31.947240Z,session-mjaijkq8-1tnl,a955aafd-58a9-4937-9313-e2afe2a682d5,codellama:13b,http://localhost:11434/api/chat,afba1f99dd6291aafb7c1fc3eb44e12b1b7ca57159a80f3c69cfde105fe62b74,784,577,1361,94728,success,executor.execute task=3
2025-12-17T22:19:34.447287Z,session-mjaijkq8-1tnl,fff0fd6a-0201-4602-a18b-630b11992f7e,qwen2.5,http://localhost:11434/api/chat,22ca62c13146fc0c365f6e25b38adf271d58260768c3e4a350e9e946b7d8357d,482,36,518,74397,success,reviewer.review task=2
2025-12-17T22:19:35.373100Z,session-mjaijkq8-1tnl,0048b397-858a-42f8-84c5-bb0cb27728c9,qwen2.5,http://localhost:11434/api/chat,c7bbff40999a593fd05fe4e103e5c7e76e00623c4bb132e717cadc6ce42be359,1139,32,1171,3425,success,reviewer.review task=3
2025-12-17T22:20:00.859189Z,session-mjaijkq8-1tnl,183b6a08-bb17-47fc-a777-7e4f657ebcd9,codellama:13b,http://localhost:11434/api/chat,0b472b6b7ed13b7c614885ae6d4c3bc05d63d64802009d8061e3859193931fd2,782,181,963,26411,success,executor.execute task=4
2025-12-17T22:20:12.452241Z,session-mjaijkq8-1tnl,8e540653-e3bf-49b0-a5d2-1c7dece0b4c0,codellama:13b,http://localhost:11434/api/chat,c73ef8b46f1d5e23ba7c12dfb62c452205c2e8ac2fe2247d0a91e82d0509bf91,780,99,879,37078,success,executor.execute task=5
2025-12-17T22:20:15.845178Z,session-mjaijkq8-1tnl,3802f6c1-1567-4b25-b037-74d9bc6ca843,qwen2.5,http://localhost:11434/api/chat,4d58832a5b2a139a57fa633355e0a80d3bb48f7fc6b23317b9f8f545ce46abc9,574,81,655,14985,success,reviewer.review task=4
2025-12-17T22:20:17.309865Z,session-mjaijkq8-1tnl,ae5d8c2f-1ba5-47fd-8278-787e8283fdb1,qwen2.5,http://localhost:11434/api/chat,54553ad833044aecf4e702a739ae6c68c4fce748881b0bbb84d831f48d5e129e,423,75,498,4856,success,reviewer.review task=5
2025-12-17T22:20:41.725165Z,session-mjaijkq8-1tnl,f29d0ffe-40b0-48ca-bf4a-28e7dc704f06,codellama:13b,http://localhost:11434/api/chat,9b1daea9e0f74df4002cf1d111a0b3c599ee4f547dd3318d985ff491c48c3162,781,179,960,25879,success,executor.execute task=6
2025-12-17T22:20:46.622490Z,session-mjaijkq8-1tnl,c3d88041-eb91-4cc3-ab02-31c1d8ac27ce,qwen2.5,http://localhost:11434/api/chat,c3d61cc95b9cf5c02eaa8112143b69b10da18a2e2c964e2675de767ecdd55499,565,33,598,4896,success,reviewer.review task=6
2025-12-17T22:21:15.050582Z,session-mjaijkq8-1tnl,f797d3c7-d3fb-4b0c-9f9d-5e789a191352,codellama:13b,http://localhost:11434/api/chat,308a8b9253f40e3bd4d3332466fbfb56a4a2f6f3f5b9ca1466e0341d376b7209,809,199,1008,28427,success,executor.execute task=7
2025-12-17T22:21:19.998024Z,session-mjaijkq8-1tnl,e961cf40-5e4f-4840-bab1-40d1073b9a28,qwen2.5,http://localhost:11434/api/chat,d75781e8df13f4d90529b436380d7b90438332cb76646b6a6eebcb42014e64b9,609,36,645,4947,success,reviewer.review task=7
2025-12-17T22:21:27.566038Z,session-mjaijkq8-1tnl,e353fae4-9837-49bd-99d1-23dfb8283495,qwen2.5,http://localhost:11434/api/chat,5f4b2b67e3ee8121385d5676aecbe2ce4d44e48c060396d69f8beee5e2d0ca1d,3852,217,4069,7566,success,critic.evaluate_final
2025-12-17T22:22:02.117732Z,session-mjaijkq8-1tnl,3654bf20-fda9-4ba7-a604-74b67f43bc41,codellama:13b,http://localhost:11434/api/chat,c353b0877ce1437f8c1b6f495ca919f18c1ecedbf1c3e08463c6e577bd3d9d0f,1047,226,1273,34550,success,self_correction task=1
2025-12-17T22:22:07.134823Z,session-mjaijkq8-1tnl,224091ef-1907-4aca-ba13-5a8d7587bdd6,qwen2.5,http://localhost:11434/api/chat,84a89306bbab205d4d1e41c85b5b9167b8577d537f718d7cb1b3a71aa8b1f25b,563,34,597,5015,success,reviewer.review task=1
2025-12-17T22:22:49.282600Z,session-mjaijkq8-1tnl,379354a2-e37c-4408-9ff2-4087964ab9ae,codellama:13b,http://localhost:11434/api/chat,a2da992c6b2e58f72d03cb4fac6a66bbdd85934ed234643e5f4afd0a8296f938,986,301,1287,42147,success,self_correction task=2
2025-12-17T22:22:54.301671Z,session-mjaijkq8-1tnl,41f15570-14b3-4caf-a574-83890e31c318,qwen2.5,http://localhost:11434/api/chat,1b1f3969df533216b56eb95edbda7f6eb3e466bbe042eff908553b6c4523c0cd,753,36,789,5018,success,reviewer.review task=2
2025-12-17T22:24:50.513165Z,session-mjaijkq8-1tnl,1b0b052e-c8c3-4472-a9f5-ea6fa654952b,gemma3:4b,http://localhost:11434/api/chat,a576091e95dc3d072d674339103cd10469a95a7f09921fa7e7e9ca871c7c1e84,1622,533,2155,13005,success,prompt_optimizer.optimize
2025-12-17T22:25:13.266696Z,session-mjaijkq8-1tnl,e26fb14e-57e3-408e-9109-da88dad3e659,qwen2.5,http://localhost:11434/api/chat,147adb019e1b9495706bdb2db26ebd6f265de3424ee28b8f97a14a943cfa97b4,1067,981,2048,22751,success,planner.plan
2025-12-17T22:25:46.590529Z,session-mjaijkq8-1tnl,89571321-d053-4aba-8133-43f3da047ae8,codellama:13b,http://localhost:11434/api/chat,36baa710a6372a308f9058126aadf48ffcae724b8d66bfadf0d5634da7a3c4c5,793,226,1019,33322,success,executor.execute task=1
2025-12-17T22:25:51.511866Z,session-mjaijkq8-1tnl,9fa7abc1-8012-4c99-ba14-e70d9bc8eed1,qwen2.5,http://localhost:11434/api/chat,04e224d47511302d19615f7acaf81f248756ce8108a86755beea1d5bb7a9f489,612,33,645,4920,success,reviewer.review task=1
2025-12-17T22:26:08.646857Z,session-mjaijkq8-1tnl,4a0fbb42-d297-4087-8d34-f7f50eece833,codellama:13b,http://localhost:11434/api/chat,ecc233f19b9fa29f62bdc6312df406ca6ef915cc41c99565a3014acb6a74aa24,790,104,894,17133,success,executor.execute task=2
2025-12-17T22:26:13.569200Z,session-mjaijkq8-1tnl,9d84826e-1594-4043-9975-2922be6a3364,qwen2.5,http://localhost:11434/api/chat,26853999fc20d9793ff6388dd839dc7403c5cd891413424a50f6ac43f013ae78,453,33,486,4922,success,reviewer.review task=2
2025-12-17T22:26:43.398286Z,session-mjaijkq8-1tnl,3ec6f85f-7cae-4d73-962a-ee3d4c2eee73,codellama:13b,http://localhost:11434/api/chat,7c124e56d24986d4b40072cb2c13d13025d238204f7d8c12176cf6b092d7b9a5,791,206,997,29828,success,executor.execute task=3
2025-12-17T22:38:59.456165Z,session-mjaijkq8-1tnl,880d1d9b-171f-4f26-9cc4-baad325d4db2,gemma3:4b,http://localhost:11434/api/chat,766b6a6a02db094c8b71d60794a204a29eaf22848ef5a7f450d89f3d811252f8,865,769,1634,14071,success,prompt_optimizer.optimize
2025-12-17T22:39:23.231132Z,session-mjaijkq8-1tnl,66e5285c-546b-41f2-a807-63b200672ff4,qwen2.5,http://localhost:11434/api/chat,72f04b26aeb61928fe99b307bfdcd6f543e0a1b30d3ba8f7a8e025625cb933c6,1291,1021,2312,23771,success,planner.plan
2025-12-17T22:39:36.790539Z,session-mjaijkq8-1tnl,baf92592-f462-47f6-a152-71326794af2a,codellama:13b,http://localhost:11434/api/chat,27018a3e9d16c2613bf710d69c7a9328e473239b8c1eafa1d7d466c03016364e,776,72,848,13557,success,executor.execute task=1
2025-12-17T22:40:00.625447Z,session-mjaijkq8-1tnl,f60517c7-a664-49ed-a2c9-82f455df98fd,codellama:13b,http://localhost:11434/api/chat,368b7f7f4d3dbacd5e32c4d74fb225d89b5867a771fead9fbf2bdc804f3cfe4f,802,203,1005,37392,success,executor.execute task=2
2025-12-17T22:40:03.044084Z,session-mjaijkq8-1tnl,826fbac1-6f6a-4b44-8242-9fa7bb5d538f,qwen2.5,http://localhost:11434/api/chat,54b847265a6da9aa352bdfc88e9662735855ea8a3d5f5d7ae7d35db8309f25b1,384,31,415,26253,success,reviewer.review task=1
2025-12-17T22:40:04.466339Z,session-mjaijkq8-1tnl,64fa8cc4-7e9b-49cd-a7d1-5e9466d20430,qwen2.5,http://localhost:11434/api/chat,c01b25e3a45607e37ebdc40aa82a154365d81dde56c3c442ca84713e0e753d7b,573,70,643,3840,success,reviewer.review task=2
2025-12-17T22:41:10.981786Z,session-mjaijkq8-1tnl,c7ca9334-c9a5-499a-ae93-d89b081391b2,codellama:13b,http://localhost:11434/api/chat,c9445ba10be3aa9b9e69488e09fead6e51a31da167d8309a93fc359e9153b582,832,524,1356,67936,success,executor.execute task=3
2025-12-17T22:41:16.174560Z,session-mjaijkq8-1tnl,3b051111-3218-4c72-b04d-86048c39ce40,qwen2.5,http://localhost:11434/api/chat,99e1ab49cb0d2df92863b01cc0650bdb1a43a0d9c751c2fa9221eac543dfeb37,1154,35,1189,5191,success,reviewer.review task=3
2025-12-17T22:41:34.398973Z,session-mjaijkq8-1tnl,5e0bd9a9-7bba-4a0e-abc7-44edfc664adc,codellama:13b,http://localhost:11434/api/chat,108bc301edb17e204f642f2220aa4022f504dbb44fb6667ef848e6edd9cdcde7,787,114,901,18222,success,executor.execute task=4
2025-12-17T22:41:39.337191Z,session-mjaijkq8-1tnl,aeb98924-0e82-4825-8a40-461d3cf67e54,qwen2.5,http://localhost:11434/api/chat,e59f0f4173c0e3e704588d8b0993d302b2e4b7e43559cf6d9f3aa14a294c2019,452,38,490,4937,success,reviewer.review task=4
2025-12-17T22:42:11.280696Z,session-mjaijkq8-1tnl,1c75c89e-350e-4fb2-a4f7-ec17733ff152,codellama:13b,http://localhost:11434/api/chat,a99e0d74ff18fa783dae78ba760cf592c01511c7242b05adc62248b02b5428e9,810,230,1040,31942,success,executor.execute task=5
2025-12-17T22:42:17.315511Z,session-mjaijkq8-1tnl,2dbaedae-622a-4d71-8e05-7132bb030241,qwen2.5,http://localhost:11434/api/chat,c2e766b2303392f91f963d9048da4d450bafa39240e8ae6a53c1668e464f1c9a,676,94,770,6034,success,reviewer.review task=5
2025-12-17T22:42:36.633053Z,session-mjaijkq8-1tnl,72a88647-efcb-4c4f-8938-1dacabbfb023,codellama:13b,http://localhost:11434/api/chat,5f915602ee81e8c3f1eb0c0f3664d09428817b62597e52099600ed872d6d77c4,802,130,932,19316,success,executor.execute task=6
2025-12-17T22:42:41.503660Z,session-mjaijkq8-1tnl,7376a527-84c8-4140-b605-8105bc818276,qwen2.5,http://localhost:11434/api/chat,95b8053c0784448284487cdd1ff5011961d1f87ab0cf1fa60652104fa2f66d15,505,33,538,4869,success,reviewer.review task=6
2025-12-17T22:43:10.720370Z,session-mjaijkq8-1tnl,0f8580ab-b7a4-4f6b-8847-a49d73cae515,codellama:13b,http://localhost:11434/api/chat,ecd0f9d2c8300bf8a6872a90460f3bf5758b959162680b7562a171d98425b6c1,804,211,1015,29215,success,executor.execute task=7
2025-12-17T22:43:16.368905Z,session-mjaijkq8-1tnl,b91e4643-9f4e-441b-aa81-0020ca51fe09,qwen2.5,http://localhost:11434/api/chat,295c5b445bcee0031d91a3869a222aac25f5481c72b2cec9d203b0f8678acebf,590,73,663,5647,success,reviewer.review task=7
2025-12-17T22:43:43.844443Z,session-mjaijkq8-1tnl,6d633007-cdee-4bdb-a3d5-fb8c50a7ca2e,codellama:13b,http://localhost:11434/api/chat,bee2976e0eb0f5ffb00c65f3eb0ac7e4e8e69a8b096fbc078d154ac3cf76f16f,797,195,992,27474,success,executor.execute task=8
2025-12-17T22:43:51.300156Z,session-mjaijkq8-1tnl,cf95831e-ced5-43ce-b282-fbb6ed388ab8,qwen2.5,http://localhost:11434/api/chat,c268a90f4d0c7e14979ca38b4397cf4ee2ec9286e9a86167ff712fa9c80f4e2f,564,172,736,7455,success,reviewer.review task=8
2025-12-17T22:44:14.307408Z,session-mjaijkq8-1tnl,feee0fc6-1f09-4138-83b0-16cd91ac1a4d,codellama:13b,http://localhost:11434/api/chat,2c78b4a06e0fb54da36b30bb937709d906e076ba8c1e60f397b649c1256ae875,792,161,953,23006,success,executor.execute task=9
2025-12-17T22:44:20.078583Z,session-mjaijkq8-1tnl,f4b6a6d5-ac88-40b4-87a5-88952b43436d,qwen2.5,http://localhost:11434/api/chat,5285a2be299f52785fa6dd9948f53fee05519e5c8fb938837e2c1990f465d250,545,81,626,5770,success,reviewer.review task=9
2025-12-17T22:44:32.484658Z,session-mjaijkq8-1tnl,60a51b7b-dc54-488d-b450-e723517b8891,codellama:13b,http://localhost:11434/api/chat,3f975ae21d4b19af7dcc99dc0a1aac63bae44f8270ac9bcc95515a60dc2c6972,781,67,848,12404,success,executor.execute task=10
2025-12-17T22:44:37.352664Z,session-mjaijkq8-1tnl,5a29f7ae-52c6-4eda-80be-58e970d6a895,qwen2.5,http://localhost:11434/api/chat,e853a7f497f5cfc7e9605688a38b705fc8e9975196e2fce258134ee4d8326c23,381,35,416,4867,success,reviewer.review task=10
2025-12-17T22:45:22.160336Z,session-mjaijkq8-1tnl,ab68a5d8-3ccb-459d-9780-c4ca7caae8d6,codellama:13b,http://localhost:11434/api/chat,4e04d6bb7d1f3a3b9e1cd4a6d4d8b7484e9052b277a68592437a76de7a2cc0e5,785,342,1127,44806,success,executor.execute task=11
2025-12-17T22:45:27.256280Z,session-mjaijkq8-1tnl,be828163-9a7a-4db4-bc3e-fe321ac85e54,qwen2.5,http://localhost:11434/api/chat,cdddd4feec163e0c51e2cab1bd42219080b6a2dfe4d2882a90bf6e45a958ab4e,810,38,848,5095,success,reviewer.review task=11
2025-12-17T22:45:34.454624Z,session-mjaijkq8-1tnl,7a3f5ed9-5e27-486a-be43-52b1dce90cdb,qwen2.5,http://localhost:11434/api/chat,8c9411e5aecee2923435ce2e7dec07dd0e385d0462f04960e66574f1f8724218,4096,201,4297,7194,success,critic.evaluate_final
2025-12-17T22:46:01.383764Z,session-mjaijkq8-1tnl,a98787ec-d81e-4902-841a-7076fa19d2c8,codellama:13b,http://localhost:11434/api/chat,09b5021fa7c34eb272d1b172af166c4ad2b75d454e83b635b63d2105177618ef,869,189,1058,26927,success,self_correction task=1
2025-12-17T22:46:27.186042Z,session-mjaijkq8-1tnl,f229a222-9acf-4088-b3eb-ffcc945bd28c,codellama:13b,http://localhost:11434/api/chat,1b2aae4d57a8ef52bdd256c9e5260a3a023aafd794e91c6739257fda09eed63b,1026,193,1219,25802,success,self_correction task=2
2025-12-17T22:46:32.895569Z,session-mjaijkq8-1tnl,fc6527c3-0dc1-4ffc-bed4-f45da8f9e8e0,qwen2.5,http://localhost:11434/api/chat,7860eae280ec310026f0ef7dbc057c04132aa45f05f61fa7d98d268763554a2a,566,78,644,5708,success,reviewer.review task=2
2025-12-17T22:47:47.188542Z,session-mjaijkq8-1tnl,51870136-6a2f-45c7-b4fd-a2c4b555c7eb,codellama:13b,http://localhost:11434/api/chat,e1616c3261387ff72e1742b4edd0dec370c4eb974b29f5f8fcc1694292447085,1377,525,1902,74291,success,self_correction task=3
2025-12-17T22:47:55.948535Z,session-mjaijkq8-1tnl,730853c6-7673-4386-9c3f-891f35b9a3d3,qwen2.5,http://localhost:11434/api/chat,2d2ef768f7bd03bf2303269bf5fba3cba047764cb683469b294070e3fb6b3ada,1156,224,1380,8758,success,reviewer.review task=3
2025-12-17T22:48:16.945682Z,session-mjaijkq8-1tnl,3d276a00-150f-4861-be43-888d09f20f73,codellama:13b,http://localhost:11434/api/chat,1e35c5e9f97641f1f4f235e3f225937a4ff618bf462feb52f23d856ac62f7b7f,922,138,1060,20996,success,self_correction task=4
2025-12-17T22:48:21.821099Z,session-mjaijkq8-1tnl,5f50cc1f-9191-4eee-b065-374af7903a10,qwen2.5,http://localhost:11434/api/chat,66abc17647fa043717736ac90276965e619c828db5d124fb39d8e6ea207ea89b,473,34,507,4875,success,reviewer.review task=4
2025-12-17T22:50:33.545551Z,session-mjaijkq8-1tnl,a82e247c-9545-4da5-8bff-f42216df37c0,gemma3:4b,http://localhost:11434/api/chat,e01d52c7d7896173dcee764b431c0eafbe84a3d3569b3a4aeea8a9a017aa3da1,836,491,1327,11679,success,prompt_optimizer.optimize
2025-12-17T23:05:51.100230Z,session-mjaijkq8-1tnl,19ddeb72-4b7e-413c-a094-87936a2ec69f,qwen2.5,http://localhost:11434/api/chat,9537e573a864ee6b2a735fed046dab1ba95f07749b13d33c710e40b3b1a9c30e,1077,714,1791,17684,success,planner.plan
2025-12-17T23:06:09.788816Z,session-mjaijkq8-1tnl,df755e8c-1fdc-4d18-a677-9be019744853,codellama:13b,http://localhost:11434/api/chat,cc1eb4bdb23b86e1acebd94ec8b1783c037e036a4c1709dc33d6d7247a052f1d,795,85,880,18686,success,executor.execute task=1
2025-12-17T23:06:14.617727Z,session-mjaijkq8-1tnl,99e28783-ead6-435c-9d28-3ae3a79e1657,qwen2.5,http://localhost:11434/api/chat,8f36475e6fb1622f1e91e7d4a0975afb4fe67f0a7524afd8b49825157f4b699f,433,29,462,4827,success,reviewer.review task=1
2025-12-17T23:06:30.665311Z,session-mjaijkq8-1tnl,2c8d6522-340d-4d6c-9003-dc5cac6595fe,codellama:13b,http://localhost:11434/api/chat,5fd4aab2caef5d09b7470c73b971a154914b30d3b2c7d778766c251e04eeabb5,789,96,885,16046,success,executor.execute task=2
2025-12-17T23:06:37.081103Z,session-mjaijkq8-1tnl,a80074ea-0f42-4f95-b246-51babc6010be,qwen2.5,http://localhost:11434/api/chat,3b7b11cd5240a74624e202b1f887c335e2a06f6d93437d24e17ef5a1481e479f,436,113,549,6415,success,reviewer.review task=2
2025-12-17T23:07:00.306323Z,session-mjaijkq8-1tnl,bf6157bd-0436-4f7a-97da-cd74e563983d,codellama:13b,http://localhost:11434/api/chat,91cb7a7a45095a77a6b15787111a207d59e0aab43d66c40af83c1a63cdcdcd9d,792,143,935,23224,success,executor.execute task=3
2025-12-17T23:07:14.630664Z,session-mjaijkq8-1tnl,e52e426e-f130-4faf-a976-8e821c956b92,codellama:13b,http://localhost:11434/api/chat,75f219ad0fd7e0a677a5f3d7e2929171eb79eb9c3e266700d378d3ac252ce27c,787,116,903,37548,success,executor.execute task=5
2025-12-17T23:07:18.172090Z,session-mjaijkq8-1tnl,0c45df64-f66e-49b4-963f-3ea301afe9e4,qwen2.5,http://localhost:11434/api/chat,684a47d97b972939b5e1e67ad0ea64d74c6fd3794561b725441a0cdc51feba92,514,73,587,17865,success,reviewer.review task=3
2025-12-17T23:07:18.934953Z,session-mjaijkq8-1tnl,a232e1e9-52c3-4931-9ea5-e9ee6739be69,qwen2.5,http://localhost:11434/api/chat,2647d9aae4a36598cb86b46ec7dca3242496320aa82fb6c2a277e3974ee862b9,457,35,492,4302,success,reviewer.review task=5
2025-12-17T23:07:35.072970Z,session-mjaijkq8-1tnl,e946937f-ad01-46c1-9b0c-59fcfcc3ee8e,codellama:13b,http://localhost:11434/api/chat,a4e1ebcb8bcf25f52e5c03530994671713119860f78826ecf543fbd8ed5183b2,775,97,872,16899,success,executor.execute task=4
2025-12-17T23:07:47.979896Z,session-mjaijkq8-1tnl,e080e2d1-92e5-40de-b771-b5c0ee798e97,codellama:13b,http://localhost:11434/api/chat,c5f1bbd9555cbaf5d8147fe1c1d54b87fea4961ee37944feca6020ca7b126d5e,783,107,890,29043,success,executor.execute task=6
2025-12-17T23:07:52.642175Z,session-mjaijkq8-1tnl,7bd2340d-6e0b-4e7a-9690-a1a05265781f,qwen2.5,http://localhost:11434/api/chat,29a2e9ba6a7b7106641bc3c1da05896629e8e053916777d1c977123864d7c72d,428,152,580,17569,success,reviewer.review task=4
2025-12-17T23:07:55.449686Z,session-mjaijkq8-1tnl,d1a7bb5e-fc4e-440c-853c-f82e024c3f20,qwen2.5,http://localhost:11434/api/chat,e4295001a0fadf7f06fab8c20c5576815e13fa06d098dcdd98f2344f712b1ac6,440,142,582,7469,success,reviewer.review task=6
2025-12-17T23:08:18.889858Z,session-mjaijkq8-1tnl,cd76d52d-6d25-4a51-b266-6ad4e2dc5fa5,codellama:13b,http://localhost:11434/api/chat,86235753daf7b68251f0d98532648ce55f9178ddb0c038a39db9e0189a58a332,792,177,969,26246,success,executor.execute task=7
2025-12-17T23:08:30.135393Z,session-mjaijkq8-1tnl,b413def0-6287-43bc-89f2-fc800bf4d7d2,codellama:13b,http://localhost:11434/api/chat,c604019fef9333634101ee35590745cb8e9583400140f395e6309942c9ac71d8,777,92,869,34684,success,executor.execute task=8
2025-12-17T23:08:35.027460Z,session-mjaijkq8-1tnl,850a0e4e-7a0a-46ef-a270-e2831098ab06,qwen2.5,http://localhost:11434/api/chat,2d4d8cfebfb07b1ab7c756892a6844c2de459e4eb7d28e68cc5f1defba1a9ad9,545,163,708,16137,success,reviewer.review task=7
2025-12-17T23:08:37.001536Z,session-mjaijkq8-1tnl,bca4b4b7-b6fd-45da-b508-12d2b9bb6145,qwen2.5,http://localhost:11434/api/chat,8e34f4ce4f3da8133d34abd0ef20d0800543cdb7f7f61d8de2e639798d48e116,415,100,515,6865,success,reviewer.review task=8
2025-12-17T23:08:47.090443Z,session-mjaijkq8-1tnl,8252202d-06a6-4236-807c-5d0a43ceba9c,qwen2.5,http://localhost:11434/api/chat,7abbb32dca771028a71a9c959138db71e33fe5315b39fc8f2077c246eed778af,3997,344,4341,10085,success,critic.evaluate_final
2025-12-17T23:09:42.857009Z,session-mjaijkq8-1tnl,f0c18871-8277-479d-8227-22a110ec8540,codellama:13b,http://localhost:11434/api/chat,4db4f81805ed138869f115b77e41f26413c4881f3880950a171d73779d3e6c70,1074,375,1449,55766,success,self_correction task=1
2025-12-17T23:09:48.579507Z,session-mjaijkq8-1tnl,d59f087f-05a9-4bf3-a8db-1d8a42122a4f,qwen2.5,http://localhost:11434/api/chat,0b2886c1a9367f1d56ee591d56433e9429912e7a9600e641276538ed552e4627,817,68,885,5721,success,reviewer.review task=1
2025-12-17T23:10:31.297735Z,session-mjaijkq8-1tnl,56857b23-2be6-44df-93f7-d5c8149d4b19,codellama:13b,http://localhost:11434/api/chat,9346409e3b60fd7d24d5153cd9605bc7695f7f2f3b4045de579b6a08c8ec362b,1079,280,1359,42717,success,self_correction task=2
2025-12-17T23:10:37.607231Z,session-mjaijkq8-1tnl,4596ac93-0aac-48b8-bb97-037d219478b1,qwen2.5,http://localhost:11434/api/chat,c5790779c314ed21ae94db6db4abede9b249d837f11c4789ff20e0eac70bd68f,649,109,758,6308,success,reviewer.review task=2
2025-12-17T23:12:03.436202Z,session-mjaijkq8-1tnl,23d86429-271c-4d48-9e94-72dd4a9742bb,codellama:13b,http://localhost:11434/api/chat,6316e28eb8b77c38a5b38154cac6d4485b85bf285ac9c68cfab957f872a3ae39,1129,591,1720,85828,success,self_correction task=3
2025-12-17T23:12:11.146865Z,session-mjaijkq8-1tnl,a1043574-a76a-4f80-a635-edaefa0503d0,qwen2.5,http://localhost:11434/api/chat,9f8d696acdbf9a89cfeadd9149803dcce8ee9b87df6f10e191a611d2e37ee813,1098,173,1271,7709,success,reviewer.review task=3
2025-12-17T23:13:00.700581Z,session-mjaijkq8-1tnl,5a426d8e-f94b-4f20-b3cc-d420218e5830,codellama:13b,http://localhost:11434/api/chat,7e49d1bfc1267bcceacba3f1fd8e09a2c301e6bdaa9ba8acbe93d726fb99d2fe,1066,333,1399,49553,success,self_correction task=4
2025-12-17T23:13:08.032403Z,session-mjaijkq8-1tnl,107d6bdf-b513-4e12-8f6c-bd11d2a2f953,qwen2.5,http://localhost:11434/api/chat,2c54937a8a8de6668ec6d73c73f9f5f4059d606550dc3111eb92568c1d808396,746,159,905,7330,success,reviewer.review task=4
2025-12-17T23:13:55.870568Z,session-mjaijkq8-1tnl,2daf6b2d-db8d-451c-965b-873958ce2751,codellama:13b,http://localhost:11434/api/chat,2b163ee55d5ed1b8d9e62353a9bd2ecbb1f16f556bb675554f45c9a7b8fe1a79,1097,315,1412,47837,success,self_correction task=5
2025-12-17T23:14:00.951079Z,session-mjaijkq8-1tnl,bff94332-4815-4772-af46-ed9ac053cd4f,qwen2.5,http://localhost:11434/api/chat,2c6a8dabdd84fdd97abd1265bc4bc18589c8485731db30c34554fc2945489766,717,35,752,5080,success,reviewer.review task=5
2025-12-17T23:14:51.193433Z,session-mjaijkq8-1tnl,bd766c30-9ff6-4351-aa0f-cd091ed11e14,codellama:13b,http://localhost:11434/api/chat,414a7a029c7be8315a9ce7034867412cda7ec52bfead868230d3c87d60d36f7b,1084,354,1438,50241,success,self_correction task=6
2025-12-17T23:14:57.704855Z,session-mjaijkq8-1tnl,aeea7d75-53ba-4b9d-8dc0-ed9299efd6d9,qwen2.5,http://localhost:11434/api/chat,149dc50a081495409c5ca9c2a1405cf2acc9d1672305eea65735c7af66ff4158,755,106,861,6510,success,reviewer.review task=6
2025-12-17T23:18:29.540214Z,session-mjamucea-iqnm,416b8dd8-a48f-49ce-a442-d0a4b43d8e5e,qwen2.5,http://localhost:11434/api/chat,75a186108507df6aa61926e9f7b64c29058356e6e0ca8996da5f84fc937e90dd,772,85,857,5880,success,planner.plan
2025-12-17T23:18:47.151124Z,session-mjamucea-iqnm,4676549a-d48f-4283-b923-d44e5f788c68,codellama:13b,http://localhost:11434/api/chat,53d53576a0d30d941d192dcff9a8e64dd557ba228d59cebe752372d40fc4c15d,789,110,899,17609,success,executor.execute task=1
2025-12-17T23:18:53.926714Z,session-mjamucea-iqnm,6c03542b-13eb-4c31-a399-db02428810ce,qwen2.5,http://localhost:11434/api/chat,ea5a87ddeeb30817e91662d36642caf5766118bbc37d081ffd22f16195c95006,439,136,575,6775,success,reviewer.review task=1
2025-12-17T23:18:59.166629Z,session-mjamucea-iqnm,d78d5586-954f-425a-84eb-0e7eca5421e5,qwen2.5,http://localhost:11434/api/chat,8aa264dbd9302df441425bcc25b4fc8f59caa844653dcc5d335abcabc9a9f982,1128,148,1276,5238,success,critic.evaluate_final
2025-12-17T23:19:26.035367Z,session-mjamucea-iqnm,d2291d6c-c8b3-4f76-a150-f411f307c489,codellama:13b,http://localhost:11434/api/chat,cccaa6a33200690c6992f42b197e03f755a67d88d4c28229cd99053e647cb969,841,185,1026,26867,success,self_correction task=1
2025-12-17T23:19:32.264515Z,session-mjamucea-iqnm,da481fb3-d81d-404b-b338-75d67cde8d3a,qwen2.5,http://localhost:11434/api/chat,9cccfaaf9872dde9b83089e9ee4a0622d589523fe26d39596bbfcce1b0e11e6d,532,106,638,6228,success,reviewer.review task=1
2025-12-17T23:19:38.884881Z,session-mjamucea-iqnm,f1788661-cdb0-44ce-a7b7-a80b761943db,qwen2.5,http://localhost:11434/api/chat,2966f6d8bc350d91e3e9c69047b5f21068f1d60090137fd1956c632f35db982e,1124,223,1347,6618,success,critic.evaluate_final
2025-12-17T23:19:47.846515Z,session-mjamucea-iqnm,56d4bb9c-ed2f-4a18-b01c-0e6ed5414662,gemma3:4b,http://localhost:11434/api/chat,77d570e410778f519fe7f3dd7da12934cedcd93a008346bd918db4af0755c1e3,1595,262,1857,8960,success,responder.build_markdown_response
2025-12-17T23:21:42.748766Z,session-mjamucea-iqnm,1b8cb698-3387-4e0b-a0a1-fdbb49b65be6,qwen2.5,http://localhost:11434/api/chat,69347f15d1c35b4dd365cc9bba42ac35c03550ed17ed750eae7fe86e94780086,1177,522,1699,15122,success,planner.plan
2025-12-17T23:22:01.860320Z,session-mjamucea-iqnm,557d15c9-9fd0-4582-977b-b33de683dd39,codellama:13b,http://localhost:11434/api/chat,13100b6ef6448c193c1d477410cf60c552d17cf576a30c3ffea32fa7b28b32ee,1119,100,1219,19109,success,executor.execute task=1
2025-12-17T23:22:31.778270Z,session-mjamucea-iqnm,3a00d492-5eda-408e-bacb-3b24d34223f9,codellama:13b,http://localhost:11434/api/chat,e6eaf9af6556b5a303f842326a11dde3f16fb436243c9d4de9e61c2d22f2bffe,1131,224,1355,49027,success,executor.execute task=3
2025-12-17T23:22:34.404389Z,session-mjamucea-iqnm,af68db75-944c-43b0-aa62-25da5e20912c,qwen2.5,http://localhost:11434/api/chat,18d2f8f4127ddf856dfda5f56acaa3b7aca09c238b451f7fd2b4a1ee8076abea,706,38,744,32543,success,reviewer.review task=1
2025-12-17T23:22:38.976654Z,session-mjamucea-iqnm,8a683c34-4d64-4bb1-a066-b57dfbcd672a,qwen2.5,http://localhost:11434/api/chat,456181554b892a2f688006ec729df0d052c1052f1ea2ee0778f4ba789e0c428b,860,235,1095,7197,success,reviewer.review task=3
2025-12-17T23:22:58.489752Z,session-mjamucea-iqnm,a6591e5e-e8ae-4322-8d3c-270c61ffe588,codellama:13b,http://localhost:11434/api/chat,ee91378e367b7135166df590e04e20af5473f2964b7dd9dc50629c42631b30a0,1118,129,1247,24084,success,executor.execute task=2
2025-12-17T23:23:12.082092Z,session-mjamucea-iqnm,ed0db855-0ff9-4a8d-9240-32d17a9fb973,codellama:13b,http://localhost:11434/api/chat,94595f37ac927203ed1422ffd5f4c3f4832f2965c85a532ddb1792be4d3d677a,1131,107,1238,33104,success,executor.execute task=4
2025-12-17T23:23:16.057797Z,session-mjamucea-iqnm,1e91fb31-49c7-48df-884b-ddc3cf3ed247,qwen2.5,http://localhost:11434/api/chat,2a8a641483c762c9f770c44169c55f9bc6ef7c6c54d0586a99e9cb049f0b6036,738,114,852,17566,success,reviewer.review task=2
2025-12-17T23:23:18.509178Z,session-mjamucea-iqnm,06d5dd7f-098a-44e3-ac1d-3a4fcc3c2776,qwen2.5,http://localhost:11434/api/chat,1993703515ee9263ccc2dcb775165889441f3bcc247d340d3d6db577d0599f3c,728,122,850,6426,success,reviewer.review task=4
2025-12-17T23:23:36.680029Z,session-mjamucea-iqnm,6538c7fc-bf8b-4251-89fd-b3a2aabeec76,codellama:13b,http://localhost:11434/api/chat,1b2305d70961ebd184b363d93df825f60e7baf3929c4a3824ecec63a2a1c45cf,1113,114,1227,20621,success,executor.execute task=5
2025-12-17T23:24:02.583972Z,session-mjamucea-iqnm,b1d59508-4361-4208-ae22-31629462ecb9,codellama:13b,http://localhost:11434/api/chat,82891e7f4657d339836909fa55963387602fffe59baae15ef3e0df3571723484,1131,194,1325,44072,success,executor.execute task=6
2025-12-17T23:24:06.669803Z,session-mjamucea-iqnm,e7118b49-c1ad-4c5d-a578-e1c213767756,qwen2.5,http://localhost:11434/api/chat,3648e72bcb0e851942043ca2f44a5382702b45a6d08a1446a52f0a86bdbb00f6,716,118,834,29988,success,reviewer.review task=5
2025-12-17T23:24:07.517589Z,session-mjamucea-iqnm,5e2e10ee-08cb-4d08-afe0-e732e7a60661,qwen2.5,http://localhost:11434/api/chat,8d3fae85957a8463a776cde6fffd77a8d38ba031ab7435a798cc655c6917bcb7,867,35,902,4933,success,reviewer.review task=6
2025-12-17T23:24:15.365924Z,session-mjamucea-iqnm,f6253c68-2e4d-4def-a2a6-b9e2b7c6902c,qwen2.5,http://localhost:11434/api/chat,b07800a899c0deff8171d3b014e4d4452a7db142e9b5aa019f21e446d75a1011,3727,237,3964,7845,success,critic.evaluate_final
2025-12-17T23:25:15.213091Z,session-mjamucea-iqnm,ead0187d-e404-49ed-a773-363f51c8885c,codellama:13b,http://localhost:11434/api/chat,6fd06a6ed1b38fa3c443e2e432b0a069e9bee44ff59f5eb2192535b1735a5ec5,953,419,1372,59846,success,self_correction task=1
2025-12-17T23:25:20.267459Z,session-mjamucea-iqnm,5646e7f8-bdcc-4b27-bab0-92ef70870dd9,qwen2.5,http://localhost:11434/api/chat,1c4ed709528c0e5b656bb9fdf5a1b8acd3f0f054b8bc73cf447e5fafec2d17c2,1100,33,1133,5053,success,reviewer.review task=1
2025-12-17T23:25:41.267632Z,session-mjamucea-iqnm,98db6396-dafe-43ea-96c6-dc6bea2350bb,codellama:13b,http://localhost:11434/api/chat,8abe8fbb8b74d54f300b0de04cc450033a5fbe89125f3f214d521afd1403d146,981,129,1110,20999,success,self_correction task=2
2025-12-17T23:25:47.754591Z,session-mjamucea-iqnm,1147cb1a-9165-43b5-827b-27cc9efcaee1,qwen2.5,http://localhost:11434/api/chat,2a8a641483c762c9f770c44169c55f9bc6ef7c6c54d0586a99e9cb049f0b6036,738,115,853,6485,success,reviewer.review task=2
2025-12-17T23:26:21.596182Z,session-mjamucea-iqnm,31902481-0af7-4a5d-a832-6035398926f7,codellama:13b,http://localhost:11434/api/chat,7372b503c30849c8d638cc3c95864c39196a49565c13b97fd867a757bd4877d4,1089,224,1313,33840,success,self_correction task=3
2025-12-17T23:26:28.588382Z,session-mjamucea-iqnm,c901b918-ab06-402c-b7d3-d69ed58fd91f,qwen2.5,http://localhost:11434/api/chat,456181554b892a2f688006ec729df0d052c1052f1ea2ee0778f4ba789e0c428b,860,135,995,6991,success,reviewer.review task=3
2025-12-17T23:27:15.037241Z,session-mjamucea-iqnm,57a3ffb9-977b-40b3-9cfc-64d3cfc47f2d,codellama:13b,http://localhost:11434/api/chat,4effb948af80e99b4a7e5039b585aa5f3c7833916f8a08ee45b9de1744c8a5ae,972,329,1301,46447,success,self_correction task=4
2025-12-17T23:27:22.647305Z,session-mjamucea-iqnm,9b44f937-3b4e-458c-84bc-8e88ea132517,qwen2.5,http://localhost:11434/api/chat,e81ad69acf6dd8b5db4f4eeb01551ebd48baa85174cf1c239b7fe1c566ad1cf3,982,171,1153,7609,success,reviewer.review task=4
2025-12-17T23:28:20.867615Z,session-mjamucea-iqnm,9fa287a3-b94f-4d2b-9ee1-3c3a72d952e3,codellama:13b,http://localhost:11434/api/chat,891766a2adbf9b8bd4671025dc870f6519d99897a5ab574b377cb3d61838555f,961,446,1407,58219,success,self_correction task=5
2025-12-17T23:28:28.189934Z,session-mjamucea-iqnm,c763cd32-ef9f-4d78-8f4f-13da02910aab,qwen2.5,http://localhost:11434/api/chat,cc8d499c45b6ae136e9204f85a702143ba0e866d1df21e74f9aa9f12ea830c8f,1151,154,1305,7321,success,reviewer.review task=5
2025-12-17T23:29:34.048316Z,session-mjamucea-iqnm,49077888-cc2f-43e7-89ff-79c5219cad7b,codellama:13b,http://localhost:11434/api/chat,c2a43c37bbd0ff0e602e42f4136e6351f1b9ef07e225bb8421315faa028e57e6,1059,502,1561,65857,success,self_correction task=6
2025-12-17T23:29:39.251101Z,session-mjamucea-iqnm,b29bf799-254e-4fe5-812c-6eeb65d4c124,qwen2.5,http://localhost:11434/api/chat,29548232e69810d8caf44672f458d73cc6e67284ac67855fe21525e80be30ea3,1297,39,1336,5202,success,reviewer.review task=6
2025-12-17T23:29:46.622599Z,session-mjamucea-iqnm,8dc835e4-d3b1-4d59-bc54-1d3254cf10e6,qwen2.5,http://localhost:11434/api/chat,e883264a5e113d5930f95968fc4e6b1e065eafdbb3888a14bab315bafbb16bb0,4096,214,4310,7368,success,critic.evaluate_final
2025-12-17T23:42:59.090376Z,session-mjamucea-iqnm,b292701b-97c3-4a6c-af44-e4f4e246fe60,qwen2.5,http://localhost:11434/api/chat,0f91f0299872a3838936449fd085d297dc6561c2334a065c0dc605d22fbdc05a,986,120,1106,6009,success,planner.plan
2025-12-17T23:43:24.908116Z,session-mjamucea-iqnm,89e1ae53-8c9d-4e4f-8b9c-eac27b0d8469,codellama:13b,http://localhost:11434/api/chat,005648b9595268ee8addaffe1ed418a7974600919874af9d0ed87178481ff158,968,163,1131,25816,success,executor.execute task=1
2025-12-17T23:43:31.441421Z,session-mjamucea-iqnm,f50608bd-5ff7-475a-916f-66f7211f3a59,qwen2.5,http://localhost:11434/api/chat,bdc94361a3d4ec910624ff94b25a89303d2c018a6e17fdab9eb93ad967acd34b,654,118,772,6532,success,reviewer.review task=1
2025-12-17T23:43:39.051322Z,session-mjamucea-iqnm,44e35618-1dcb-4778-8881-01774b03e561,qwen2.5,http://localhost:11434/api/chat,34ee831d773ec9be51a99dde81733169c41bfa229f5f671986d78c855e4efee1,1365,281,1646,7608,success,critic.evaluate_final
2025-12-17T23:44:05.456822Z,session-mjamucea-iqnm,2be0542f-96ca-4b20-8803-1c6eeb1843f4,codellama:13b,http://localhost:11434/api/chat,f8babcfe335f85fc74e74d1f677ed2891506748652080d524400f0cf9619135e,1092,163,1255,26403,success,self_correction task=1
2025-12-17T23:44:11.865679Z,session-mjamucea-iqnm,b18cff5a-5b42-410b-af80-b272f8b3b64b,qwen2.5,http://localhost:11434/api/chat,bdc94361a3d4ec910624ff94b25a89303d2c018a6e17fdab9eb93ad967acd34b,654,112,766,6408,success,reviewer.review task=1
2025-12-17T23:44:20.643463Z,session-mjamucea-iqnm,cfc2aabc-4153-46aa-8010-0a903fed3ba3,qwen2.5,http://localhost:11434/api/chat,35277c191f7941f18e0da0d8ceb13c2d696fcfa43b8978cf262c17da2f9b6777,1353,332,1685,8776,success,critic.evaluate_final
2025-12-17T23:44:29.791084Z,session-mjamucea-iqnm,adc9db7e-d3d6-4efb-be20-586ee144cc34,gemma3:4b,http://localhost:11434/api/chat,03eee2ac0eba85a82c1ea7c52c665329a8e01a9bd372601ee0196da33f572950,1853,267,2120,9146,success,responder.build_markdown_response
2025-12-17T23:46:11.576968Z,session-mjantsc1-ytbd,91444c34-c321-4d14-9d83-bd8f702483fa,qwen2.5,http://localhost:11434/api/chat,c2dfb95036399e430ad04511ad1d47fab25b68e5be8020501a5c4828b78dfc76,859,550,1409,14402,success,planner.plan
2025-12-17T23:46:29.158019Z,session-mjantsc1-ytbd,da4aa06f-7bf4-443d-a298-e39e6ca6bba7,codellama:13b,http://localhost:11434/api/chat,f2cf3dfb160fecacf11d5d7fa15dd75e2b6c1de1545f017f8f3e7b8fb83c0a94,798,109,907,17580,success,executor.execute task=1
2025-12-17T23:46:35.440969Z,session-mjantsc1-ytbd,2847f043-442b-4c71-8be7-efca0fb7cee5,qwen2.5,http://localhost:11434/api/chat,caf5bc611c78da424aeb2348563756475e621720c07812704de281c7152ce58d,462,113,575,6282,success,reviewer.review task=1
2025-12-17T23:47:00.884475Z,session-mjantsc1-ytbd,38247906-faca-47a9-b094-cd9dcb155d1e,codellama:13b,http://localhost:11434/api/chat,982c7e412b2e1bc8e3b523b2340101b11cce0688ec5532bf6dc4b271deade6e8,828,169,997,25442,success,executor.execute task=3
2025-12-17T23:47:34.604394Z,session-mjantsc1-ytbd,3941b6c8-7f11-4cab-86f6-aad5398ed8d5,codellama:13b,http://localhost:11434/api/chat,3c142a45013080d98e14ded9bd058ea797c98c7e3d9d83486e9c4c4e8f02c5f8,815,279,1094,59162,success,executor.execute task=2
2025-12-17T23:47:38.250760Z,session-mjantsc1-ytbd,18c77594-96c0-4b24-ab5a-948b15b12191,qwen2.5,http://localhost:11434/api/chat,2bf89a92e5d64cf5fe7c5f0e6d4669a96eeebe3548bf128ce9560afd555bcd3c,560,79,639,37365,success,reviewer.review task=3
2025-12-17T23:47:41.283484Z,session-mjantsc1-ytbd,15007cb9-f448-4f4b-a6b5-6cd7600f4707,qwen2.5,http://localhost:11434/api/chat,dae480127cabfd41a1ec15b30c403d6f8afb0a9f40b7b95f831204c2822b2e7c,733,155,888,6678,success,reviewer.review task=2
2025-12-17T23:48:01.848609Z,session-mjantsc1-ytbd,2afa1aae-3a95-4232-b4ad-98ebaf682bea,codellama:13b,http://localhost:11434/api/chat,a233d0b07e63697f98728f56544ffffcda3ad4024a505abe348f4a34dc2ed477,817,128,945,20564,success,executor.execute task=4
2025-12-17T23:48:08.151215Z,session-mjantsc1-ytbd,e2458816-46e9-4de1-8dcf-8cb8c9c2e741,qwen2.5,http://localhost:11434/api/chat,d31d0bb575844ca3d4aea8d2d9bbf1f19a33e4239e195a5a763b97b56a2200d9,516,104,620,6302,success,reviewer.review task=4
2025-12-17T23:48:35.744313Z,session-mjantsc1-ytbd,d1321322-f12f-4c68-b0c5-232b4390c995,codellama:13b,http://localhost:11434/api/chat,23f6407f9b0d23218d9772a21d40fd82bd9f962d4af2a1198937911713613d6d,819,194,1013,27592,success,executor.execute task=5
2025-12-17T23:48:40.586461Z,session-mjantsc1-ytbd,900cca69-01c7-4cea-a44f-6144a9e9f82d,qwen2.5,http://localhost:11434/api/chat,44e81b6e356ca4ef408a8eb9d499e4512a46266a6fb290f4f735c55ada09f51c,596,31,627,4841,success,reviewer.review task=5
2025-12-17T23:48:49.605050Z,session-mjantsc1-ytbd,5f5d2c30-0df7-49fd-a78b-a92c99313a72,qwen2.5,http://localhost:11434/api/chat,b741b5f400c2ccb6c26c4f2d933c4580a9bae57d2d1740ce0778f205d5337eac,3091,320,3411,9017,success,critic.evaluate_final
2025-12-17T23:49:58.030534Z,session-mjantsc1-ytbd,e0579bb1-67cc-440b-bbba-892c9e3882ba,codellama:13b,http://localhost:11434/api/chat,64dbe92e9574ab515b663817ded6df590e67d317e89e456952314b119e6b3760,1055,473,1528,68423,success,self_correction task=1
2025-12-17T23:50:04.836976Z,session-mjantsc1-ytbd,a683d454-0aa4-4597-a2ea-026aea9fa37e,qwen2.5,http://localhost:11434/api/chat,e331c59b4db50e80d79a492ab148d6e6c1fc1c4602ef04f18ad7aa44cb547441,917,128,1045,6805,success,reviewer.review task=1
2025-12-17T23:57:03.825857Z,session-mjao7xd1-vxp7,0ee9918e-76d0-463c-96bd-1b81f2d64e31,qwen2.5,http://localhost:11434/api/chat,2123d29aca0d223ffa8035b57189fb1a5611ecdde1bac405f6d21b56e6e523b2,865,118,983,6843,success,planner.plan
2025-12-17T23:57:32.601197Z,session-mjao7xd1-vxp7,5cc6116f-f96d-4fc0-9a46-e5cdd619f7c6,codellama:13b,http://localhost:11434/api/chat,3bb07bc63da3c2642557a57735a10a91613d899f0640b629a18e640256d031fe,813,196,1009,28774,success,executor.execute task=1
2025-12-17T23:57:38.876592Z,session-mjao7xd1-vxp7,2ac049d0-3536-43d9-a070-357340f73cbc,qwen2.5,http://localhost:11434/api/chat,2926c0d5f0e69eab54c572b9ef7ae6f9d0365777e14b378af06f3b61af8f086a,577,105,682,6274,success,reviewer.review task=1
2025-12-17T23:57:45.227572Z,session-mjao7xd1-vxp7,d26aa8c7-f07f-42b6-ab4b-1d9e1f33c4a2,qwen2.5,http://localhost:11434/api/chat,08cf76152d8a2ecd45c3b06438ea4c20fb12072f5f7e1be2300f92fd6f9ce00a,1250,205,1455,6349,success,critic.evaluate_final
2025-12-17T23:58:15.197593Z,session-mjao7xd1-vxp7,51dd8165-baee-4e28-838d-6932c00f0cd8,codellama:13b,http://localhost:11434/api/chat,4c0b76803629ff7e77ae9f25eba5e8c8a2f8fac5b6c1782c91e977f4fb3be6cf,1025,196,1221,29968,success,self_correction task=1
2025-12-17T23:58:20.945411Z,session-mjao7xd1-vxp7,b0e7cd49-95f5-45d9-bdbb-bf21ec20b824,qwen2.5,http://localhost:11434/api/chat,83b796f21dbfc4955cf2b3ddb40e9fe01c6a93d58bc286a2ca0880b264f1f17b,576,79,655,5747,success,reviewer.review task=1
2025-12-17T23:58:28.110150Z,session-mjao7xd1-vxp7,b80f1e10-8ab5-4c90-b710-eeb97da6632f,qwen2.5,http://localhost:11434/api/chat,b68ef3b47d996f6d4d30d316f199b10aaf68c13d78b94c1c75418f79e640affa,1189,241,1430,7164,success,critic.evaluate_final
2025-12-17T23:58:38.974918Z,session-mjao7xd1-vxp7,11634a33-a389-4693-befc-d7000b0a9fbf,gemma3:4b,http://localhost:11434/api/chat,dbfc8c279b4b08866b7357fc3557d1bc74a1db5bd1fe5dbfb029ea8d516cc2a4,1701,400,2101,10862,success,responder.build_markdown_response
2025-12-17T23:59:12.144528Z,session-mjao7xd1-vxp7,3390a956-4cdf-492e-9ec5-e54b1b6e12d7,qwen2.5,http://localhost:11434/api/chat,0fe85d467a4c4e14b8a1a03732e6ea5b340935edcd6f23788aa0ebe46b308d8a,1154,532,1686,13818,success,planner.plan
2025-12-17T23:59:39.060150Z,session-mjao7xd1-vxp7,daf3e48f-b785-4b00-921b-8335f1e09a14,codellama:13b,http://localhost:11434/api/chat,f4987daf1baf1aa73e23494c33fdde8eb181c81c36becdea7fa73f6994a79562,1099,172,1271,26914,success,executor.execute task=1
2025-12-17T23:59:44.016807Z,session-mjao7xd1-vxp7,6021f9b9-8f7c-48f5-b117-db31f1021f0b,codellama:13b,http://localhost:11434/api/chat,7ec3a1401ceb242e91d2bb65694bbf383d8608adc5e31a12a40d8904bd3f4293,1090,36,1126,31870,success,executor.execute task=4
2025-12-17T23:59:48.178967Z,session-mjao7xd1-vxp7,53d9e800-cea1-475f-aea0-dc841a03c789,qwen2.5,http://localhost:11434/api/chat,7e1dac75f6f2b042d2e70b177bc73006be4c7d1738b9cbd1032d550d6a17d54e,807,123,930,9117,success,reviewer.review task=1
2025-12-17T23:59:49.079770Z,session-mjao7xd1-vxp7,ee162d2d-d577-4adb-961b-b807132bacfe,qwen2.5,http://localhost:11434/api/chat,fffc8ccb0425c3ac9af95944997743fc9ec6fb9eceb728da73575c873e2b6423,622,40,662,5061,success,reviewer.review task=4
2025-12-18T00:00:12.825093Z,session-mjao7xd1-vxp7,ccd5cdcb-4c77-4ef7-967e-9f682c4915f0,codellama:13b,http://localhost:11434/api/chat,ab59bc8feb815302d9368441c2607fd1d42ad78912b9ef066d1a98603faa7ebf,1114,151,1265,24645,success,executor.execute task=2
2025-12-18T00:00:19.182622Z,session-mjao7xd1-vxp7,62ef3715-87a0-414e-93ad-a9bccbe3117b,qwen2.5,http://localhost:11434/api/chat,0bc0052d8ec7ab29e20820a70ab1f7c9f35087b81e68e670eca2f483488bf3a5,775,105,880,6357,success,reviewer.review task=2
2025-12-18T00:01:04.151021Z,session-mjao7xd1-vxp7,31be803c-1d66-4b52-a898-010b6668c794,codellama:13b,http://localhost:11434/api/chat,c15176d032ed2363da3520cce75620394deba7f53b85782f7de90b2f596b0a1f,1109,312,1421,44967,success,executor.execute task=3
2025-12-18T00:01:11.068135Z,session-mjao7xd1-vxp7,5018a345-3d2a-4786-a07d-29f094289c6c,qwen2.5,http://localhost:11434/api/chat,5dd7e40324a3f2b020103ebcf5b20e81a0cfa64f03e726db92eaee8edd740971,632,136,768,6916,success,reviewer.review task=3
2025-12-18T00:01:21.222725Z,session-mjao7xd1-vxp7,283eb59e-3d99-4df6-993b-7cc9f2b5ec9f,codellama:13b,http://localhost:11434/api/chat,66cffb6f53b431052b01075c942966a158ac6d406d39ad45ee22f766d0efea0d,1121,36,1157,10153,success,executor.execute task=5
2025-12-18T00:01:29.948632Z,session-mjao7xd1-vxp7,bcf593a4-ce59-49ac-87bb-e85758de9b2a,qwen2.5,http://localhost:11434/api/chat,f21bde604fcb5f3eb706c70187b4be2ebb51b4205f376663a891b91a4550a752,650,224,874,8724,success,reviewer.review task=5
2025-12-18T00:01:38.558193Z,session-mjao7xd1-vxp7,7a8c85d3-b0a6-4535-bce6-b390d25eb957,qwen2.5,http://localhost:11434/api/chat,a039194a7406b5e705e34341744f18e961b0dd79320bb4b2a5c642a7f67f0b3b,3271,260,3531,8607,success,critic.evaluate_final
2025-12-18T00:02:06.453489Z,session-mjao7xd1-vxp7,7a68571e-fdf8-4e56-955a-03a1c39660bc,codellama:13b,http://localhost:11434/api/chat,1f0d7d45b84e5d86500b81be1d39ba41d5c6e7d0f826a68da6d9993cabc1b98f,1051,171,1222,27894,success,self_correction task=1
2025-12-18T00:02:13.243362Z,session-mjao7xd1-vxp7,080441d4-aeb2-48dd-84cb-c12755c7c038,qwen2.5,http://localhost:11434/api/chat,7e1dac75f6f2b042d2e70b177bc73006be4c7d1738b9cbd1032d550d6a17d54e,807,128,935,6789,success,reviewer.review task=1
2025-12-18T00:02:37.899481Z,session-mjao7xd1-vxp7,837d29c0-4e21-44c4-84bc-3dd495759d93,codellama:13b,http://localhost:11434/api/chat,0ac5d7c040a13ae5b4e71d847dad1ae6894b3320622ad98fd2418e7f2b2fea6f,1045,151,1196,24655,success,self_correction task=2
2025-12-18T00:02:45.154894Z,session-mjao7xd1-vxp7,849a5c10-2fbe-40f4-8fb1-92a0c506f4cf,qwen2.5,http://localhost:11434/api/chat,0bc0052d8ec7ab29e20820a70ab1f7c9f35087b81e68e670eca2f483488bf3a5,775,153,928,7254,success,reviewer.review task=2
2025-12-18T00:03:02.387253Z,session-mjao7xd1-vxp7,9f410390-f0b1-4fa7-9e84-1908b9a2411d,codellama:13b,http://localhost:11434/api/chat,c04f68866b0a4e955b5892d68a7e4baef783ad25b827e155e848be3181ffc7e2,922,97,1019,17231,success,self_correction task=3
2025-12-18T00:03:07.339558Z,session-mjao7xd1-vxp7,2b29bef0-65cc-49ba-85e3-dbcf941bc490,qwen2.5,http://localhost:11434/api/chat,b9ae727290d40e2aa9da61b8233756d537e0ab7e60ef5f01a9afc0889ee24390,702,33,735,4951,success,reviewer.review task=3
2025-12-18T00:03:16.871586Z,session-mjao7xd1-vxp7,8f574b8c-db40-4035-934e-2e44af0cbc12,codellama:13b,http://localhost:11434/api/chat,0ee8a3449aa3ef28fed47e4ea3bf493222d0491ae2dc077e1586cfec6ef9d4e8,907,37,944,9531,success,self_correction task=4
2025-12-18T00:03:27.955121Z,session-mjao7xd1-vxp7,e5ac746e-aa78-4832-a00c-4b75e34d30cf,codellama:13b,http://localhost:11434/api/chat,ec6e63c9318b9f77b55d8385dc84d6b1dd52dce1b5c4f9dc3f377e34985668e4,938,71,1009,11082,success,self_correction task=5
2025-12-18T00:03:32.945120Z,session-mjao7xd1-vxp7,2863bc58-7ac3-49e8-8745-0264350dd96f,qwen2.5,http://localhost:11434/api/chat,0243aa1bef32c29c9e311b9d6a7c1a348834307d40cf24df07f0335ef4bc272c,677,36,713,4988,success,reviewer.review task=5
2025-12-18T00:03:41.132209Z,session-mjao7xd1-vxp7,5d12abd7-5a15-4d7c-9cb9-97156c0468a3,qwen2.5,http://localhost:11434/api/chat,7c68b022bd08f4348562e3f3b381177f2ff5131dc573208103d25d22acc69fd5,2877,268,3145,8185,success,critic.evaluate_final
2025-12-18T00:05:58.035392Z,session-mjao7xd1-vxp7,ccb61fe6-c429-4f77-aee3-3a0aec344666,gemma3:4b,http://localhost:11434/api/chat,8b585d98942a302c4e3b494dd10bf6b54d99b8602e2e35f2f63c4d67ba1a290f,3269,9075,12344,136900,success,responder.build_markdown_response
2025-12-18T00:10:44.227370Z,session-mjaop7bs-ibvl,add3de3f-f6ad-462a-8ee9-aedd6c4924aa,qwen2.5,http://localhost:11434/api/chat,a16403c54095840b3988ba9a58bf57a5b6be92a0765cf6220aa5f79f3ffabf07,743,864,1607,21166,success,planner.plan
2025-12-18T00:11:41.431568Z,session-mjaop7bs-ibvl,62af0975-da51-4e00-88f0-98594ba21d96,codellama:13b,http://localhost:11434/api/chat,dc3e1e2529d8e6a653e19f5ca567a055d659f1c1c469890bf6b89d9dc6b56969,822,430,1252,57202,success,executor.execute task=1
2025-12-18T00:11:46.464945Z,session-mjaop7bs-ibvl,d6cab2c7-c292-4d5c-bc24-65e59554bde2,qwen2.5,http://localhost:11434/api/chat,149cec45837b4cd70e5bfc63525f269442477464cdb45e653afbc74520f2f7da,876,35,911,5031,success,reviewer.review task=1
2025-12-18T00:12:02.321279Z,session-mjaop7bs-ibvl,598f5953-e164-46f4-81e3-f8af360ed26c,codellama:13b,http://localhost:11434/api/chat,522856f57bd43abc30d3aebd3a644c478872f068ad099906fbdd49e3871598d1,779,92,871,15855,success,executor.execute task=2
2025-12-18T00:12:12.803354Z,session-mjaop7bs-ibvl,f29ac635-4f43-42fd-a213-b9f9bbcabe28,codellama:13b,http://localhost:11434/api/chat,b35cd6b06af8b4d89cedd32f69e5a0ef4c11bfe34ca59ceed90e551406fbf577,780,91,871,26337,success,executor.execute task=3
2025-12-18T00:12:15.290624Z,session-mjaop7bs-ibvl,8e211f02-57cb-4b19-a85e-67599559a9e8,qwen2.5,http://localhost:11434/api/chat,5f3bc0bfa6bcc70f080aeda64db2f780312e9bd997f817527be3e58b4df17bdd,414,35,449,12968,success,reviewer.review task=2
2025-12-18T00:12:17.392024Z,session-mjaop7bs-ibvl,1609a517-49e1-42c8-b7bc-e57c9ebb8cd7,qwen2.5,http://localhost:11434/api/chat,abfe05a9239496b5bc417e283a71d0e9d1ef0c78052aa1b696e380e3599c3e65,414,107,521,4588,success,reviewer.review task=3
2025-12-18T00:12:29.656194Z,session-mjaop7bs-ibvl,02e48bc0-076a-42af-b8b8-7cbe0f73c98b,codellama:13b,http://localhost:11434/api/chat,72961dff55ef4b966c2da9eda6dfebcdb447e8f98a1c343dd8868d4676d8944f,799,79,878,14364,success,executor.execute task=4
2025-12-18T00:12:53.168925Z,session-mjaop7bs-ibvl,86bee03d-ce1e-46ac-ab7b-0bcbc2bd67e7,codellama:13b,http://localhost:11434/api/chat,30603b8354243c67a3bd60c1f35a310966052c85739ad9d44d3fad3acdbd2695,812,200,1012,35775,success,executor.execute task=5
2025-12-18T00:12:55.764310Z,session-mjaop7bs-ibvl,7b173d0f-6304-415c-9c6e-4dda229bd31e,qwen2.5,http://localhost:11434/api/chat,80bfe93084cf23a1d003f515482f5db50cbc5d6484c1091f6b4fe068508e8d63,418,33,451,26107,success,reviewer.review task=4
2025-12-18T00:12:56.611143Z,session-mjaop7bs-ibvl,5b1d724b-dedc-4714-9865-c9d3005ed3fb,qwen2.5,http://localhost:11434/api/chat,1736e32bdaa7f72913d2ca7fcbb4cebc37f7249e7338506822d5d2198fe00fcb,578,33,611,3441,success,reviewer.review task=5
2025-12-18T00:13:13.895165Z,session-mjaop7bs-ibvl,ea38eb7e-8c84-40ce-bf19-582cd0938e54,codellama:13b,http://localhost:11434/api/chat,f058fc0b608a876f6bf5981e3949ca4d02a79372540e64a75206087996d719df,795,115,910,18130,success,executor.execute task=6
2025-12-18T00:13:35.176493Z,session-mjaop7bs-ibvl,45a08ffe-c063-41b8-80ed-dfabbe0ebba4,codellama:13b,http://localhost:11434/api/chat,cb2f765a79332fcaaaabc2b03b4de57f33a53eb52221c332b78f005b6a982f86,797,173,970,38564,success,executor.execute task=7
2025-12-18T00:13:37.656130Z,session-mjaop7bs-ibvl,1462e49b-e7e8-43cb-bd04-6f868e5b7cd0,qwen2.5,http://localhost:11434/api/chat,71543000928cc245361bb892eabded94aa087cf9ae7c586f420e03ec87322882,449,33,482,23760,success,reviewer.review task=6
2025-12-18T00:13:38.381623Z,session-mjaop7bs-ibvl,7eda24d5-445d-467b-8b5e-4aa49d943dfa,qwen2.5,http://localhost:11434/api/chat,602438b25b20b7fc2a4e30a34442308abdc6449ced4fa1f24d7c1ba77e7ed724,526,33,559,3204,success,reviewer.review task=7
2025-12-18T00:14:28.070144Z,session-mjaop7bs-ibvl,bba3bb5a-5f39-488c-84f0-c0a3cbdf305e,codellama:13b,http://localhost:11434/api/chat,c223ae91dae041d92ec5a1058dc9e9b02af39e3db654baf5cb9508f1c78fe046,815,357,1172,49687,success,executor.execute task=8
2025-12-18T00:14:33.106186Z,session-mjaop7bs-ibvl,e3e853b7-9392-4807-ac72-56daa9d38030,qwen2.5,http://localhost:11434/api/chat,a955076b8012d1c2efe740f5917960ab15cb5a6eb508a44cc3ccf316eff566b9,838,36,874,5035,success,reviewer.review task=8
2025-12-18T00:14:53.117366Z,session-mjaop7bs-ibvl,f91075d6-6ab7-4de0-b8a0-1ec9f08baf22,codellama:13b,http://localhost:11434/api/chat,d14ecbd1e59cea24f7105d396758f4242bd6df790eded3ef36ac0003577e2ae4,799,125,924,20010,success,executor.execute task=9
2025-12-18T00:14:58.157486Z,session-mjaop7bs-ibvl,d885908b-531a-468f-b63b-0cc0e51ec4af,qwen2.5,http://localhost:11434/api/chat,c730f15e3c95cf2c2f9d0471d9a165555d374a68a3569ae38d8227c72b9a42bc,473,36,509,5039,success,reviewer.review task=9
2025-12-18T00:15:06.725976Z,session-mjaop7bs-ibvl,53694b2b-ea16-458d-9986-807ff0252432,qwen2.5,http://localhost:11434/api/chat,28d3853cacd7868bcbf884831842541609302a886c41163475d0b7424df957ff,3737,270,4007,8565,success,critic.evaluate_final
2025-12-18T00:16:09.218288Z,session-mjaop7bs-ibvl,a6c14cc2-8647-4947-ba2a-c19c479aec3e,codellama:13b,http://localhost:11434/api/chat,ffc9c5924c0aaff0b1df10c2a46117e758b07dae79b4dd06f1d9110ccf03fd51,1361,418,1779,62491,success,self_correction task=1
2025-12-18T00:16:14.267188Z,session-mjaop7bs-ibvl,e43acbd5-5c93-441a-8b30-264ca2ab6506,qwen2.5,http://localhost:11434/api/chat,0df7795d25ddaa229817d4a62e8112501f29c36817b2e7b7f4a29e2bbf2c5e5f,865,33,898,5048,success,reviewer.review task=1
2025-12-18T00:16:55.725818Z,session-mjaop7bs-ibvl,2407959e-7fad-4516-bfa2-5ff154fb1027,codellama:13b,http://localhost:11434/api/chat,e58b2973e7d179cb42a5582882364a5589c9ac1f91998f861c5498e86bce0c2a,980,286,1266,41457,success,self_correction task=2
2025-12-18T00:17:00.700044Z,session-mjaop7bs-ibvl,694df1c3-2ced-41e5-9be1-eadb2b66b8cd,qwen2.5,http://localhost:11434/api/chat,872071c80a5dfa6e7adec4d6a99d895c08c88f9ed743829a4cf13d624bc5ccb1,685,35,720,4974,success,reviewer.review task=2
2025-12-18T00:17:42.043362Z,session-mjaop7bs-ibvl,44f52de8-8c7e-408d-bd58-fc91738c5d45,codellama:13b,http://localhost:11434/api/chat,1062907347ab666e3e2024cb8fd65a18a7bf6ee714b01c857c23a60167540845,980,289,1269,41342,success,self_correction task=3
2025-12-18T00:17:47.152761Z,session-mjaop7bs-ibvl,dde5be7f-b371-4670-8756-f9604ef96609,qwen2.5,http://localhost:11434/api/chat,5ffd6b726cff6f11451a51a1d96adca66e3210a4881c8516311bb95b02a543fb,638,40,678,5108,success,reviewer.review task=3
2025-12-18T00:18:26.684905Z,session-mjaop7bs-ibvl,a64b8f9e-750c-45d7-8687-b5fe1ab9b165,codellama:13b,http://localhost:11434/api/chat,a008e026688b2008052b8d962e6c6a6e8e56aeceb36ed8c150081bdbede060e9,987,273,1260,39531,success,self_correction task=4
2025-12-18T00:18:33.083023Z,session-mjaop7bs-ibvl,a0724636-708c-47a9-85d7-c88243eb9f65,qwen2.5,http://localhost:11434/api/chat,bfe7014544cf86d80917563bf52480f3ad43dc79275ef07f4681a98eee5d7603,627,111,738,6397,success,reviewer.review task=4
2025-12-18T00:19:04.088219Z,session-mjaop7bs-ibvl,10568d03-9162-46eb-b53e-9b287e7ce632,codellama:13b,http://localhost:11434/api/chat,22e988e223ee22d71af8749ef97779a522c9cbc0c9e6783fba491bcfb6466c73,1121,200,1321,31004,success,self_correction task=5
2025-12-18T00:19:09.027717Z,session-mjaop7bs-ibvl,c33de18b-f297-419b-b211-f71bed327c6c,qwen2.5,http://localhost:11434/api/chat,1736e32bdaa7f72913d2ca7fcbb4cebc37f7249e7338506822d5d2198fe00fcb,578,35,613,4938,success,reviewer.review task=5
2025-12-18T00:19:59.911024Z,session-mjaop7bs-ibvl,0f0489d3-48f8-4c87-af74-abe46fed8279,codellama:13b,http://localhost:11434/api/chat,fa148a9913e9a6c4b7989889f25f746f895fcfd5043ebfb9dcc4f704de4d0ef8,1019,357,1376,50883,success,self_correction task=6
2025-12-18T00:20:04.913460Z,session-mjaop7bs-ibvl,14c53cc4-382f-4563-b256-2dac16f02d6a,qwen2.5,http://localhost:11434/api/chat,76eac6145e5b5330f397a110700856d2cb06097c352f68c01ae40fcb7a85cfc2,750,35,785,5001,success,reviewer.review task=6
2025-12-18T00:20:41.390191Z,session-mjaop7bs-ibvl,6cb5172c-d18d-4ee2-873e-684519f28e6c,codellama:13b,http://localhost:11434/api/chat,70d9bf18fcbd53f3f2b5474a63370242f47873754c73b5de5601822f0edbb0f4,1079,229,1308,36475,success,self_correction task=7
2025-12-18T00:20:46.663973Z,session-mjaop7bs-ibvl,d76ba041-7f47-4c8c-88e7-c55e5a97349b,qwen2.5,http://localhost:11434/api/chat,551de12a1b66ace5e0c3d20d9b36a40fc97461e6751b9e9e530645e8f5dbe609,626,35,661,5272,success,reviewer.review task=7
